CountryCode,CountryName,Región,GTCEcrono,GTCEenMx,GTCEmemberx2,GTCEmemberx3,GTCEm1,GTCEm2,GTCEm3,GTCE70vs20,GTCE77vs13,GTCE14dummy,EGOVordx4original,EGOVordx16original,EGOV2020x2,EGOV2020x3,EGOV2020x4,EGOV_muyAltoD,EGOV_AltoD,Densidadx2,Densidadx3,Densidadx4,DensidadMediaBaja_DUM,DensidadMediaAlta_DUM,DensidadMenor,DensidadMayor,DensidadAlta_DUM,INCOMEx2,INCOMEx4,RTA#,ecRTA#,Red_ecRTA_1almenos,Red_ecRTAx3ok,Red_RTAx3ok,Red_RTA_altaDUM,Red_ecRTA_altaDUM,Red_ecRTAx4,Red_RTAx4,Red_ecRTAx2ok,Red_RTAx2ok,REGPOLx4,REGPOLx2,ECOMx2,filter_$INTEGRADO,filter_$ecRTAcat1,filter_$
AFG1,Afghanistan M1,1,3,0,0,0,0,0,0,0,0,0,2,6,0,2,0,0,0,0,1,1,0,0,1,0,0,0,1,2,0,0,0,0,0,0,0,0,0,0,2,0,0,1,1,0
AFG2,Afghanistan M2,1,3,0,0,0,0,0,0,0,0,0,2,6,0,2,0,0,0,0,1,1,0,0,1,0,0,0,1,2,0,0,0,0,0,0,0,0,0,0,2,0,0,1,1,0
AFG,Afghanistan M3,1,3,0,0,0,0,0,0,0,0,0,2,6,0,2,0,0,0,0,1,1,0,0,1,0,0,0,1,2,0,0,0,0,0,0,0,0,0,0,2,0,0,1,1,0
ALB1,Albania M1,2,0,1,1,2,1,1,1,1,1,0,3,12,1,1,2,0,1,1,2,3,0,1,0,1,0,1,3,5,1,1,1,1,0,0,1,1,0,0,4,1,0,1,1,0
ALB2,Albania M2,2,0,1,1,2,1,1,1,1,1,0,3,12,1,1,2,0,1,1,2,3,0,1,0,1,0,1,3,5,1,1,1,1,0,0,1,1,0,0,4,1,0,1,1,0
ALB,Albania M3,2,0,1,1,2,1,1,1,1,1,0,3,12,1,1,2,0,1,1,2,3,0,1,0,1,0,1,3,5,1,1,1,1,0,0,1,1,0,0,4,1,0,1,1,0
AGO1,Angola M1,4,3,0,0,0,0,0,0,0,0,0,2,6,0,2,0,0,0,0,1,1,0,0,1,0,0,0,2,2,0,0,0,0,0,0,0,0,0,0,2,0,0,1,1,0
AGO2,Angola M2,4,3,0,0,0,0,0,0,0,0,0,2,6,0,2,0,0,0,0,1,1,0,0,1,0,0,0,2,2,0,0,0,0,0,0,0,0,0,0,2,0,0,1,1,0
AGO,Angola M3,4,3,0,0,0,0,0,0,0,0,0,2,6,0,2,0,0,0,0,1,1,0,0,1,0,0,0,2,2,0,0,0,0,0,0,0,0,0,0,2,0,0,1,1,0
ATG1,Antigua and Barbuda M1,8,3,0,0,0,0,0,0,0,0,0,3,10,0,1,1,0,0, , , , , , , , ,1,4,3,3,1,1,0,0,0,2,1,1,0,0, , , ,1,0
ATG2,Antigua and Barbuda M2,8,3,0,0,0,0,0,0,0,0,0,3,10,0,1,1,0,0, , , , , , , , ,1,4,3,3,1,1,0,0,0,2,1,1,0,0, , , ,1,0
ATG3,Antigua and Barbuda M3,8,3,0,0,0,0,0,0,0,0,0,3,10,0,1,1,0,0, , , , , , , , ,1,4,3,3,1,1,0,0,0,2,1,1,0,0, , , ,1,0
ARG1,Argentina M1,5,0,1,1,2,1,1,1,1,1,0,4,14,1,0,3,1,0,1,3,3,0,1,0,1,0,1,3,8,0,0,0,1,1,0,0,2,0,1,3,1,0,1,1,0
ARG2,Argentina M2,5,0,1,1,2,1,1,1,1,1,0,4,14,1,0,3,1,0,1,3,3,0,1,0,1,0,1,3,8,0,0,0,1,1,0,0,2,0,1,3,1,0,1,1,0
ARG3,Argentina M3,5,0,1,1,2,1,1,1,1,1,0,4,14,1,0,3,1,0,1,3,3,0,1,0,1,0,1,3,8,0,0,0,1,1,0,0,2,0,1,3,1,0,1,1,0
ARM1,Armenia M1,2,3,0,0,0,0,0,0,0,0,0,3,12,1,1,2,0,1,0,2,3,0,1,1,0,0,1,3,12,1,1,1,1,1,0,1,2,0,1,2,0,0,1,1,1
ARM2,Armenia M2,2,3,0,0,0,0,0,0,0,0,0,3,12,1,1,2,0,1,0,2,3,0,1,1,0,0,1,3,12,1,1,1,1,1,0,1,2,0,1,2,0,0,1,1,1
ARM3,Armenia M3,2,3,0,0,0,0,0,0,0,0,0,3,12,1,1,2,0,1,0,2,3,0,1,1,0,0,1,3,12,1,1,1,1,1,0,1,2,0,1,2,0,0,1,1,1
AUS1,Australia M1,7,0,1,1,2,1,1,1,1,1,0,4,16,1,0,3,1,0,1,3,4,0,0,0,1,1,1,4,17,13,1,2,2,1,1,3,2,1,1,4,1,1,1,0,0
AUS2,Australia M2,7,0,1,1,2,1,1,1,1,1,0,4,16,1,0,3,1,0,1,3,4,0,0,0,1,1,1,4,17,13,1,2,2,1,1,3,2,1,1,4,1,1,1,0,0
AUS3,Australia M3,7,0,1,1,2,1,1,1,1,1,0,4,16,1,0,3,1,0,1,3,4,0,0,0,1,1,1,4,17,13,1,2,2,1,1,3,2,1,1,4,1,1,1,0,0
AUT1,Austria M1,2,0,1,1,2,1,1,1,1,1,0,4,15,1,0,3,1,0,1,3,4,0,0,0,1,1,1,4,46,17,1,2,2,1,1,3,3,1,1,4,1,1,1,0,0
AUT2,Austria M2,2,0,1,1,2,1,1,1,1,1,0,4,15,1,0,3,1,0,1,3,4,0,0,0,1,1,1,4,46,17,1,2,2,1,1,3,3,1,1,4,1,1,1,0,0
AUT3,Austria M3,2,0,1,1,2,1,1,1,1,1,0,4,15,1,0,3,1,0,1,3,4,0,0,0,1,1,1,4,46,17,1,2,2,1,1,3,3,1,1,4,1,1,1,0,0
BHR1,Bahrain M1,3,0,1,1,2,1,1,1,1,1,0,4,14,1,0,2,0,1,0,2,2,1,0,1,0,0,1,4,4,3,1,1,1,0,0,2,1,1,0,0, ,1,1,1,0
BHR2,Bahrain M2,3,0,1,1,2,1,1,1,1,1,0,4,14,1,0,2,0,1,0,2,2,1,0,1,0,0,1,4,4,3,1,1,1,0,0,2,1,1,0,0, ,1,1,1,0
BHR3,Bahrain M3,3,0,1,1,2,1,1,1,1,1,0,4,14,1,0,2,0,1,0,2,2,1,0,1,0,0,1,4,4,3,1,1,1,0,0,2,1,1,0,0, ,1,1,1,0
BGD1,Bangladesh M1,1,3,0,0,0,0,0,0,0,0,0,3,9,0,2,1,0,0,0,1,2,1,0,1,0,0,0,2,5,0,0,0,1,0,0,0,1,0,0,2,0,0,1,1,0
BGD2,Bangladesh M2,1,3,0,0,0,0,0,0,0,0,0,3,9,0,2,1,0,0,0,1,2,1,0,1,0,0,0,2,5,0,0,0,1,0,0,0,1,0,0,2,0,0,1,1,0
BGD3,Bangladesh M3,1,3,0,0,0,0,0,0,0,0,0,3,9,0,2,1,0,0,0,1,2,1,0,1,0,0,0,2,5,0,0,0,1,0,0,0,1,0,0,2,0,0,1,1,0
BRB1,Barbados M1,8,3,0,0,0,0,0,0,0,0,0,3,12,1,1,2,0,1, , , , , , , , ,1,4,3,3,1,1,0,0,0,2,1,1,0,4,1, , ,1,0
BRB2,Barbados M2,8,3,0,0,0,0,0,0,0,0,0,3,12,1,1,2,0,1, , , , , , , , ,1,4,3,3,1,1,0,0,0,2,1,1,0,4,1, , ,1,0
BRB3,Barbados M3,8,3,0,0,0,0,0,0,0,0,0,3,12,1,1,2,0,1, , , , , , , , ,1,4,3,3,1,1,0,0,0,2,1,1,0,4,1, , ,1,0
BEL1,Belgium M1,2,0,1,1,2,1,1,1,1,1,0,4,14,1,0,2,0,1,1,3,4,0,0,0,1,1,1,4,46,17,1,2,2,1,1,3,3,1,1,4,1,1,1,0,0
BEL2,Belgium M2,2,0,1,1,2,1,1,1,1,1,0,4,14,1,0,2,0,1,1,3,4,0,0,0,1,1,1,4,46,17,1,2,2,1,1,3,3,1,1,4,1,1,1,0,0
BEL3,Belgium M3,2,0,1,1,2,1,1,1,1,1,0,4,14,1,0,2,0,1,1,3,4,0,0,0,1,1,1,4,46,17,1,2,2,1,1,3,3,1,1,4,1,1,1,0,0
BLZ1,Belize M1,8,3,0,0,0,0,0,0,0,0,0,2,8,0,2,1,0,0,1,3,4,0,0,0,1,1,0,2,3,3,1,1,0,0,0,2,1,1,0,0, ,0,1,1,0
BLZ2,Belize M2,8,3,0,0,0,0,0,0,0,0,0,2,8,0,2,1,0,0,1,3,4,0,0,0,1,1,0,2,3,3,1,1,0,0,0,2,1,1,0,0, ,0,1,1,0
BLZ3,Belize M3,8,3,0,0,0,0,0,0,0,0,0,2,8,0,2,1,0,0,1,3,4,0,0,0,1,1,0,2,3,3,1,1,0,0,0,2,1,1,0,0, ,0,1,1,0
BEN1,Benin M1,4,2,0,1,1,0,0,1,2,2,1,2,6,0,2,0,0,0,0,1,1,0,0,1,0,0,0,2,3,0,0,0,0,0,0,0,1,0,0,4,1,0,1,1,0
BEN2,Benin M2,4,2,0,1,1,0,0,1,2,2,1,2,6,0,2,0,0,0,0,1,1,0,0,1,0,0,0,2,3,0,0,0,0,0,0,0,1,0,0,4,1,0,1,1,0
BEN3,Benin M3,4,2,1,1,1,0,0,1,2,2,1,2,6,0,2,0,0,0,0,1,1,0,0,1,0,0,0,2,3,0,0,0,0,0,0,0,1,0,0,4,1,0,1,1,0
BOL1,Bolivia M1,5,3,0,0,0,0,0,0,0,0,0,3,10,0,1,1,0,0,0,2,2,1,0,1,0,0,0,2,4,0,0,0,1,0,0,0,1,0,0,3,1,0,1,1,0
BOL2,Bolivia M2,5,3,0,0,0,0,0,0,0,0,0,3,10,0,1,1,0,0,0,2,2,1,0,1,0,0,0,2,4,0,0,0,1,0,0,0,1,0,0,3,1,0,1,1,0
BOL3,Bolivia M3,5,3,0,0,0,0,0,0,0,0,0,3,10,0,1,1,0,0,0,2,2,1,0,1,0,0,0,2,4,0,0,0,1,0,0,0,1,0,0,3,1,0,1,1,0
BWA1,Botswana M1,4,3,0,0,0,0,0,0,0,0,0,3,9,0,1,1,0,0,0,2,2,1,0,1,0,0,1,3,6,0,0,0,1,0,0,0,1,0,0,4,1,0,1,1,0
BWA2,Botswana M2,4,3,0,0,0,0,0,0,0,0,0,3,9,0,1,1,0,0,0,2,2,1,0,1,0,0,1,3,6,0,0,0,1,0,0,0,1,0,0,4,1,0,1,1,0
BWA3,Botswana M3,4,3,0,0,0,0,0,0,0,0,0,3,9,0,1,1,0,0,0,2,2,1,0,1,0,0,1,3,6,0,0,0,1,0,0,0,1,0,0,4,1,0,1,1,0
BRA1,Brazil M1,5,0,1,1,2,1,1,1,1,1,0,4,13,1,1,2,0,1,1,2,3,0,1,0,1,0,1,3,9,0,0,0,1,1,0,0,2,0,1,3,1,1,1,1,0
BRA2,Brazil M2,5,0,1,1,2,1,1,1,1,1,0,4,13,1,1,2,0,1,1,2,3,0,1,0,1,0,1,3,9,0,0,0,1,1,0,0,2,0,1,3,1,1,1,1,0
BRA3,Brazil M3,5,0,1,1,2,1,1,1,1,1,0,4,13,1,1,2,0,1,1,2,3,0,1,0,1,0,1,3,9,0,0,0,1,1,0,0,2,0,1,3,1,1,1,1,0
BRN1,Brunei Darussalam M1,7,0,1,1,2,1,1,1,1,1,0,3,12,1,1,2,0,1, , , , , , , , ,1,4,9,2,1,1,1,1,0,1,2,0,1,0, , , ,1,0
BRN2,Brunei Darussalam M2,7,0,1,1,2,1,1,1,1,1,0,3,12,1,1,2,0,1, , , , , , , , ,1,4,9,2,1,1,1,1,0,1,2,0,1,0, , , ,1,0
BRN3,Brunei Darussalam M3,7,0,1,1,2,1,1,1,1,1,0,3,12,1,1,2,0,1, , , , , , , , ,1,4,9,2,1,1,1,1,0,1,2,0,1,0, , , ,1,0
BGR1,Bulgaria M1,2,0,1,1,2,1,1,1,1,1,0,4,13,1,0,2,0,1,1,3,4,0,0,0,1,1,1,3,46,17,1,2,2,1,1,3,3,1,1,3,1,1,1,0,0
BGR2,Bulgaria M2,2,0,1,1,2,1,1,1,1,1,0,4,13,1,0,2,0,1,1,3,4,0,0,0,1,1,1,3,46,17,1,2,2,1,1,3,3,1,1,3,1,1,1,0,0
BGR3,Bulgaria M3,2,0,1,1,2,1,1,1,1,1,0,4,13,1,0,2,0,1,1,3,4,0,0,0,1,1,1,3,46,17,1,2,2,1,1,3,3,1,1,3,1,1,1,0,0
BFA1,Burkina Faso M1,4,2,1,1,1,0,0,1,2,2,1,2,6,0,2,0,0,0,0,1,1,0,0,1,0,0,0,1,2,0,0,0,0,0,0,0,0,0,0,3,1,0,1,1,0
BFA2,Burkina Faso M2,4,2,1,1,1,0,0,1,2,2,1,2,6,0,2,0,0,0,0,1,1,0,0,1,0,0,0,1,2,0,0,0,0,0,0,0,0,0,0,3,1,0,1,1,0
BFA3,Burkina Faso M3,4,2,1,1,1,0,0,1,2,2,1,2,6,0,2,0,0,0,0,1,1,0,0,1,0,0,0,1,2,0,0,0,0,0,0,0,0,0,0,3,1,0,1,1,0
BDI1,Burundi M1,4,3,0,0,0,0,0,0,0,0,0,2,6,0,2,0,0,0,0,1,1,0,0,1,0,0,0,1,2,0,0,0,0,0,0,0,0,0,0,2,0,0,1,1,0
BDI2,Burundi M2,4,3,0,0,0,0,0,0,0,0,0,2,6,0,2,0,0,0,0,1,1,0,0,1,0,0,0,1,2,0,0,0,0,0,0,0,0,0,0,2,0,0,1,1,0
BDI3,Burundi M3,4,3,0,0,0,0,0,0,0,0,0,2,6,0,2,0,0,0,0,1,1,0,0,1,0,0,0,1,2,0,0,0,0,0,0,0,0,0,0,2,0,0,1,1,0
CPV1,Cabo Verde M1,4,3,0,0,0,0,0,0,0,0,0,3,10,0,1,1,0,0, , , , , , , , ,0,2,1,0,0,0,0,0,0,0,0,0,0,3,1, , ,1,0
CPV2,Cabo Verde M2,4,3,0,0,0,0,0,0,0,0,0,3,10,0,1,1,0,0, , , , , , , , ,0,2,1,0,0,0,0,0,0,0,0,0,0,3,1, , ,1,0
CPV3,Cabo Verde M3,4,2,0,1,1,0,0,1,2,2,1,3,10,0,1,1,0,0, , , , , , , , ,0,2,1,0,0,0,0,0,0,0,0,0,0,3,1, , ,1,0
KHM1,Cambodia M1,7,0,1,1,2,1,1,1,1,1,0,3,9,0,2,1,0,0,0,2,2,1,0,1,0,0,0,2,7,1,1,1,1,1,0,1,2,0,1,2,0,0,1,1,0
KHM2,Cambodia M2,7,0,1,1,2,1,1,1,1,1,0,3,9,0,2,1,0,0,0,2,2,1,0,1,0,0,0,2,7,1,1,1,1,1,0,1,2,0,1,2,0,0,1,1,0
KHM3,Cambodia M3,7,0,1,1,2,1,1,1,1,1,0,3,9,0,2,1,0,0,0,2,2,1,0,1,0,0,0,2,7,1,1,1,1,1,0,1,2,0,1,2,0,0,1,1,0
CMR1,Cameroon M1,4,2,0,1,1,0,0,1,2,2,1,2,7,0,2,0,0,0,0,1,1,0,0,1,0,0,0,2,4,0,0,0,1,0,0,0,1,0,0,2,0,0,1,1,0
CMR2,Cameroon M2,4,2,0,1,1,0,0,1,2,2,1,2,7,0,2,0,0,0,0,1,1,0,0,1,0,0,0,2,4,0,0,0,1,0,0,0,1,0,0,2,0,0,1,1,0
CMR3,Cameroon M3,4,2,1,1,1,0,0,1,2,2,1,2,7,0,2,0,0,0,0,1,1,0,0,1,0,0,0,2,4,0,0,0,1,0,0,0,1,0,0,2,0,0,1,1,0
CAN1,Canada M1,6,0,1,1,2,1,1,1,1,1,0,4,15,1,0,3,1,0,1,3,4,0,0,0,1,1,1,4,15,12,1,2,2,1,1,3,2,1,1,4,1,1,1,0,0
CAN2,Canada M2,6,0,1,1,2,1,1,1,1,1,0,4,15,1,0,3,1,0,1,3,4,0,0,0,1,1,1,4,15,12,1,2,2,1,1,3,2,1,1,4,1,1,1,0,0
CAN3,Canada M3,6,0,1,1,2,1,1,1,1,1,0,4,15,1,0,3,1,0,1,3,4,0,0,0,1,1,1,4,15,12,1,2,2,1,1,3,2,1,1,4,1,1,1,0,0
CAF1,Central African Republic M1,4,3,0,0,0,0,0,0,0,0,0,1,2,0,2,0,0,0, , , , , , , , ,0,1,1,0,0,0,0,0,0,0,0,0,0,3,1, , ,1,0
CAF2,Central African Republic M2,4,3,0,0,0,0,0,0,0,0,0,1,2,0,2,0,0,0, , , , , , , , ,0,1,1,0,0,0,0,0,0,0,0,0,0,3,1, , ,1,0
CAF3,Central African Republic M3,4,3,0,0,0,0,0,0,0,0,0,1,2,0,2,0,0,0, , , , , , , , ,0,1,1,0,0,0,0,0,0,0,0,0,0,3,1, , ,1,0
TCD1,Chad M1,4,3,0,0,0,0,0,0,0,0,0,1,3,0,2,0,0,0,0,1,1,0,0,1,0,0,0,1,1,0,0,0,0,0,0,0,0,0,0,2,0,0,1,1,0
TCD2,Chad M2,4,3,0,0,0,0,0,0,0,0,0,1,3,0,2,0,0,0,0,1,1,0,0,1,0,0,0,1,1,0,0,0,0,0,0,0,0,0,0,2,0,0,1,1,0
TCD3,Chad M3,4,3,0,0,0,0,0,0,0,0,0,1,3,0,2,0,0,0,0,1,1,0,0,1,0,0,0,1,1,0,0,0,0,0,0,0,0,0,0,2,0,0,1,1,0
CHL1,Chile M1,5,0,1,1,2,1,1,1,1,1,0,4,14,1,0,3,1,0,1,3,3,0,1,0,1,0,1,4,30,9,1,2,2,1,1,3,3,1,1,3,1,1,1,0,0
CHL2,Chile M2,5,0,1,1,2,1,1,1,1,1,0,4,14,1,0,3,1,0,1,3,3,0,1,0,1,0,1,4,30,9,1,2,2,1,1,3,3,1,1,3,1,1,1,0,0
CHL3,Chile M3,5,0,1,1,2,1,1,1,1,1,0,4,14,1,0,3,1,0,1,3,3,0,1,0,1,0,1,4,30,9,1,2,2,1,1,3,3,1,1,3,1,1,1,0,0
CHN1,China M1,7,1,0,1,1,0,1,1,2,1,1,4,13,1,0,2,0,1,1,2,3,0,1,0,1,0,1,3,16,7,1,2,2,1,1,3,2,1,1,1,0,1,1,0,0
CHN2,China M2,7,1,1,1,1,0,1,1,2,1,1,4,13,1,0,2,0,1,1,2,3,0,1,0,1,0,1,3,16,7,1,2,2,1,1,3,2,1,1,1,0,1,1,0,0
CHN3,China M3,7,1,1,1,1,0,1,1,2,1,1,4,13,1,0,2,0,1,1,2,3,0,1,0,1,0,1,3,16,7,1,2,2,1,1,3,2,1,1,1,0,1,1,0,0
COL1,Colombia M1,5,0,1,1,2,1,1,1,1,1,0,3,12,1,1,2,0,1,1,2,3,0,1,0,1,0,1,3,15,10,1,2,2,1,1,3,2,1,1,3,1,1,1,0,0
COL2,Colombia M2,5,0,1,1,2,1,1,1,1,1,0,3,12,1,1,2,0,1,1,2,3,0,1,0,1,0,1,3,15,10,1,2,2,1,1,3,2,1,1,3,1,1,1,0,0
COL3,Colombia M3,5,0,1,1,2,1,1,1,1,1,0,3,12,1,1,2,0,1,1,2,3,0,1,0,1,0,1,3,15,10,1,2,2,1,1,3,2,1,1,3,1,1,1,0,0
COG1,Congo M1,4,3,0,0,0,0,0,0,0,0,0,2,6,0,2,0,0,0,0,1,1,0,0,1,0,0,0,2,1,0,0,0,0,0,0,0,0,0,0,2,0,0,1,1,0
COG2,Congo M2,4,3,0,0,0,0,0,0,0,0,0,2,6,0,2,0,0,0,0,1,1,0,0,1,0,0,0,2,1,0,0,0,0,0,0,0,0,0,0,2,0,0,1,1,0
COG3,Congo M3,4,3,0,0,0,0,0,0,0,0,0,2,6,0,2,0,0,0,0,1,1,0,0,1,0,0,0,2,1,0,0,0,0,0,0,0,0,0,0,2,0,0,1,1,0
COD1,"Congo, Dem. Rep. M1",4,3,0,0,0,0,0,0,0,0,0,2,5,0,2,0,0,0,0,1,1,0,0,1,0,0,0,1,1,0,0,0,0,0,0,0,0,0,0,2,0,0,1,1,0
COD2,"Congo, Dem. Rep. M2",4,3,0,0,0,0,0,0,0,0,0,2,5,0,2,0,0,0,0,1,1,0,0,1,0,0,0,1,1,0,0,0,0,0,0,0,0,0,0,2,0,0,1,1,0
COD3,"Congo, Dem. Rep. M3",4,3,0,0,0,0,0,0,0,0,0,2,5,0,2,0,0,0,0,1,1,0,0,1,0,0,0,1,1,0,0,0,0,0,0,0,0,0,0,2,0,0,1,1,0
CRI1,Costa Rica M1,5,0,1,1,2,1,1,1,1,1,0,4,13,1,1,2,0,1,1,2,3,0,1,0,1,0,1,3,15,7,1,2,2,1,1,3,2,1,1,4,1,1,1,0,0
CRI2,Costa Rica M2,5,0,1,1,2,1,1,1,1,1,0,4,13,1,1,2,0,1,1,2,3,0,1,0,1,0,1,3,15,7,1,2,2,1,1,3,2,1,1,4,1,1,1,0,0
CRI3,Costa Rica M3,5,0,1,1,2,1,1,1,1,1,0,4,13,1,1,2,0,1,1,2,3,0,1,0,1,0,1,3,15,7,1,2,2,1,1,3,2,1,1,4,1,1,1,0,0
CIV1,Côte d'Ivoire M1,4,2,0,1,1,0,0,1,2,2,1,2,8,0,2,0,0,0,0,1,1,0,0,1,0,0,0,2,4,1,1,1,1,0,0,1,1,0,0,3,1,0,1,1,0
CIV2,Côte d'Ivoire M2,4,2,0,1,1,0,0,1,2,2,1,2,8,0,2,0,0,0,0,1,1,0,0,1,0,0,0,2,4,1,1,1,1,0,0,1,1,0,0,3,1,0,1,1,0
CIV3,Côte d'Ivoire M3,4,2,1,1,1,0,0,1,2,2,1,2,8,0,2,0,0,0,0,1,1,0,0,1,0,0,0,2,4,1,1,1,1,0,0,1,1,0,0,3,1,0,1,1,0
HRV1,Croatia M1,2,0,1,1,2,1,1,1,1,1,0,4,13,1,0,2,0,1,1,3,4,0,0,0,1,1,1,4,46,17,1,2,2,1,1,3,3,1,1,3,1,1,1,0,0
HRV2,Croatia M2,2,0,1,1,2,1,1,1,1,1,0,4,13,1,0,2,0,1,1,3,4,0,0,0,1,1,1,4,46,17,1,2,2,1,1,3,3,1,1,3,1,1,1,0,0
HRV3,Croatia M3,2,0,1,1,2,1,1,1,1,1,0,4,13,1,0,2,0,1,1,3,4,0,0,0,1,1,1,4,46,17,1,2,2,1,1,3,3,1,1,3,1,1,1,0,0
CUB1,Cuba M1,8,3,0,0,0,0,0,0,0,0,0,2,8,0,2,0,0,0, , , , , , , , ,1,3,4,0,0,0,1,0,0,0,1,0,0,1,0, ,0,1,0
CUB2,Cuba M2,8,3,0,0,0,0,0,0,0,0,0,2,8,0,2,0,0,0, , , , , , , , ,1,3,4,0,0,0,1,0,0,0,1,0,0,1,0, ,0,1,0
CUB3,Cuba M3,8,3,0,0,0,0,0,0,0,0,0,2,8,0,2,0,0,0, , , , , , , , ,1,3,4,0,0,0,1,0,0,0,1,0,0,1,0, ,0,1,0
CYP1,Cyprus M1,2,0,1,1,2,1,1,1,1,1,0,4,15,1,0,3,1,0,1,3,3,0,1,0,1,0,1,4,46,17,1,2,2,1,1,3,3,1,1,4,1,1,1,0,0
CYP2,Cyprus M2,2,0,1,1,2,1,1,1,1,1,0,4,15,1,0,3,1,0,1,3,3,0,1,0,1,0,1,4,46,17,1,2,2,1,1,3,3,1,1,4,1,1,1,0,0
CYP3,Cyprus M3,2,0,1,1,2,1,1,1,1,1,0,4,15,1,0,3,1,0,1,3,3,0,1,0,1,0,1,4,46,17,1,2,2,1,1,3,3,1,1,4,1,1,1,0,0
CZE1,Czech Republic M1,2,0,1,1,2,1,1,1,1,1,0,4,14,1,0,2,0,1,1,3,4,0,0,0,1,1,1,4,46,17,1,2,2,1,1,3,3,1,1,4,1,1,1,0,0
CZE2,Czech Republic M2,2,0,1,1,2,1,1,1,1,1,0,4,14,1,0,2,0,1,1,3,4,0,0,0,1,1,1,4,46,17,1,2,2,1,1,3,3,1,1,4,1,1,1,0,0
CZE3,Czech Republic M3,2,0,1,1,2,1,1,1,1,1,0,4,14,1,0,2,0,1,1,3,4,0,0,0,1,1,1,4,46,17,1,2,2,1,1,3,3,1,1,4,1,1,1,0,0
DNK1,Denmark M1,2,0,1,1,2,1,1,1,1,1,0,4,16,1,0,3,1,0,1,3,4,0,0,0,1,1,1,4,46,17,1,2,2,1,1,3,3,1,1,4,1,1,1,0,0
DNK2,Denmark M2,2,0,1,1,2,1,1,1,1,1,0,4,16,1,0,3,1,0,1,3,4,0,0,0,1,1,1,4,46,17,1,2,2,1,1,3,3,1,1,4,1,1,1,0,0
DNK3,Denmark M3,2,0,1,1,2,1,1,1,1,1,0,4,16,1,0,3,1,0,1,3,4,0,0,0,1,1,1,4,46,17,1,2,2,1,1,3,3,1,1,4,1,1,1,0,0
DJI1,Djibouti M1,3,3,0,0,0,0,0,0,0,0,0,2,5,0,2,0,0,0,0,1,1,0,0,1,0,0,0,2,0,0,0,0,0,0,0,0,0,0,0,2,0,0,1,1,0
DJI2,Djibouti M2,3,3,0,0,0,0,0,0,0,0,0,2,5,0,2,0,0,0,0,1,1,0,0,1,0,0,0,2,0,0,0,0,0,0,0,0,0,0,0,2,0,0,1,1,0
DJI3,Djibouti M3,3,3,0,0,0,0,0,0,0,0,0,2,5,0,2,0,0,0,0,1,1,0,0,1,0,0,0,2,0,0,0,0,0,0,0,0,0,0,0,2,0,0,1,1,0
DMA1,Dominica M1,8,3,0,0,0,0,0,0,0,0,0,3,10,0,1,1,0,0, , , , , , , , ,1,3,3,3,1,1,0,0,0,2,1,1,0,0, , , ,1,0
DMA2,Dominica M2,8,3,0,0,0,0,0,0,0,0,0,3,10,0,1,1,0,0, , , , , , , , ,1,3,3,3,1,1,0,0,0,2,1,1,0,0, , , ,1,0
DMA3,Dominica M3,8,3,0,0,0,0,0,0,0,0,0,3,10,0,1,1,0,0, , , , , , , , ,1,3,3,3,1,1,0,0,0,2,1,1,0,0, , , ,1,0
DOM1,Dominican Republic M1,8,3,0,0,0,0,0,0,0,0,0,3,11,1,1,2,0,1,0,2,2,1,0,1,0,0,1,3,5,3,1,1,1,0,0,2,1,1,0,3,1,1,1,1,0
DOM2,Dominican Republic M2,8,3,0,0,0,0,0,0,0,0,0,3,11,1,1,2,0,1,0,2,2,1,0,1,0,0,1,3,5,3,1,1,1,0,0,2,1,1,0,3,1,1,1,1,0
DOM3,Dominican Republic M3,8,3,0,0,0,0,0,0,0,0,0,3,11,1,1,2,0,1,0,2,2,1,0,1,0,0,1,3,5,3,1,1,1,0,0,2,1,1,0,3,1,1,1,1,0
ECU1,Ecuador M1,5,2,0,1,1,0,0,1,0,0,0,3,12,1,1,2,0,1,0,2,2,1,0,1,0,0,1,3,7,1,1,1,1,1,0,1,2,0,1,3,1,0,1,1,0
ECU2,Ecuador M2,5,2,0,1,1,0,0,1,0,0,0,3,12,1,1,2,0,1,0,2,2,1,0,1,0,0,1,3,7,1,1,1,1,1,0,1,2,0,1,3,1,0,1,1,0
ECU3,Ecuador M3,5,2,1,1,1,0,0,1,0,0,0,3,12,1,1,2,0,1,0,2,2,1,0,1,0,0,1,3,7,1,1,1,1,1,0,1,2,0,1,3,1,0,1,1,0
EGY1,"Egypt, Arab Rep. M1",3,3,0,0,0,0,0,0,0,0,0,3,9,0,1,1,0,0,0,1,1,0,0,1,0,0,0,2,10,0,0,0,1,1,0,0,2,0,1,2,0,0,1,1,0
EGY2,"Egypt, Arab Rep. M2",3,3,0,0,0,0,0,0,0,0,0,3,9,0,1,1,0,0,0,1,1,0,0,1,0,0,0,2,10,0,0,0,1,1,0,0,2,0,1,2,0,0,1,1,0
EGY3,"Egypt, Arab Rep. M3",3,3,0,0,0,0,0,0,0,0,0,3,9,0,1,1,0,0,0,1,1,0,0,1,0,0,0,2,10,0,0,0,1,1,0,0,2,0,1,2,0,0,1,1,0
SLV1,El Salvador M1,5,1,0,1,1,0,1,1,2,1,1,3,10,0,1,1,0,0,0,1,2,1,0,1,0,0,0,2,13,3,1,1,2,1,0,2,2,1,1,3,1,0,1,1,0
SLV2,El Salvador M2,5,1,1,1,1,0,1,1,2,1,1,3,10,0,1,1,0,0,0,1,2,1,0,1,0,0,0,2,13,3,1,1,2,1,0,2,2,1,1,3,1,0,1,1,0
SLV3,El Salvador M3,5,1,1,1,1,0,1,1,2,1,1,3,10,0,1,1,0,0,0,1,2,1,0,1,0,0,0,2,13,3,1,1,2,1,0,2,2,1,1,3,1,0,1,1,0
EST1,Estonia M1,2,0,1,1,2,1,1,1,1,1,0,4,16,1,0,3,1,0,1,3,4,0,0,0,1,1,1,4,46,17,1,2,2,1,1,3,3,1,1,4,1,1,1,0,0
EST2,Estonia M2,2,0,1,1,2,1,1,1,1,1,0,4,16,1,0,3,1,0,1,3,4,0,0,0,1,1,1,4,46,17,1,2,2,1,1,3,3,1,1,4,1,1,1,0,0
EST3,Estonia M3,2,0,1,1,2,1,1,1,1,1,0,4,16,1,0,3,1,0,1,3,4,0,0,0,1,1,1,4,46,17,1,2,2,1,1,3,3,1,1,4,1,1,1,0,0
SWZ1,Eswatini M1,4,3,0,0,0,0,0,0,0,0,0,2,8,0,2,1,0,0,0,1,2,1,0,1,0,0,0,2,7,0,0,0,1,1,0,0,2,0,1,0, ,0,1,1,0
SWZ2,Eswatini M2,4,3,0,0,0,0,0,0,0,0,0,2,8,0,2,1,0,0,0,1,2,1,0,1,0,0,0,2,7,0,0,0,1,1,0,0,2,0,1,0, ,0,1,1,0
SWZ3,Eswatini M3,4,3,0,0,0,0,0,0,0,0,0,2,8,0,2,1,0,0,0,1,2,1,0,1,0,0,0,2,7,0,0,0,1,1,0,0,2,0,1,0, ,0,1,1,0
FJI1,Fiji M1,7,3,0,0,0,0,0,0,0,0,0,3,11,0,1,1,0,0, , , , , , , , ,1,3,5,0,0,0,1,0,0,0,1,0,0,2,0, , ,1,0
FJI2,Fiji M2,7,3,0,0,0,0,0,0,0,0,0,3,11,0,1,1,0,0, , , , , , , , ,1,3,5,0,0,0,1,0,0,0,1,0,0,2,0, , ,1,0
FJI3,Fiji M3,7,3,0,0,0,0,0,0,0,0,0,3,11,0,1,1,0,0, , , , , , , , ,1,3,5,0,0,0,1,0,0,0,1,0,0,2,0, , ,1,0
FIN1,Finland M1,2,0,1,1,2,1,1,1,1,1,0,4,16,1,0,3,1,0,1,3,4,0,0,0,1,1,1,4,46,17,1,2,2,1,1,3,3,1,1,4,1,1,1,0,0
FIN2,Finland M2,2,0,1,1,2,1,1,1,1,1,0,4,16,1,0,3,1,0,1,3,4,0,0,0,1,1,1,4,46,17,1,2,2,1,1,3,3,1,1,4,1,1,1,0,0
FIN3,Finland M3,2,0,1,1,2,1,1,1,1,1,0,4,16,1,0,3,1,0,1,3,4,0,0,0,1,1,1,4,46,17,1,2,2,1,1,3,3,1,1,4,1,1,1,0,0
FRA1,France M1,2,0,1,1,2,1,1,1,1,1,0,4,15,1,0,3,1,0,1,3,4,0,0,0,1,1,1,4,46,17,1,2,2,1,1,3,3,1,1,4,1,1,1,0,0
FRA2,France M2,2,0,1,1,2,1,1,1,1,1,0,4,15,1,0,3,1,0,1,3,4,0,0,0,1,1,1,4,46,17,1,2,2,1,1,3,3,1,1,4,1,1,1,0,0
FRA3,France M3,2,0,1,1,2,1,1,1,1,1,0,4,15,1,0,3,1,0,1,3,4,0,0,0,1,1,1,4,46,17,1,2,2,1,1,3,3,1,1,4,1,1,1,0,0
GAB1,Gabon M1,4,3,0,0,0,0,0,0,0, ,0,3,9,0,1,1,0,0,0,1,1,0,0,1,0,0,1,3,1,0,0,0,0,0,0,0,0,0,0,2,0,0,1,1,0
GAB2,Gabon M2,4,3,0,0,0,0,0,0,0, ,0,3,9,0,1,1,0,0,0,1,1,0,0,1,0,0,1,3,1,0,0,0,0,0,0,0,0,0,0,2,0,0,1,1,0
GAB3,Gabon M3,4,3,0,0,0,0,0,0,0, ,0,3,9,0,1,1,0,0,0,1,1,0,0,1,0,0,1,3,1,0,0,0,0,0,0,0,0,0,0,2,0,0,1,1,0
GMB1,"Gambia, The M1",4,3,0,0,0,0,0,0,0, ,0,2,5,0,2,0,0,0, , , , , , , , ,0,1,1,0,0,0,0,0,0,0,0,0,0,2,0, , ,1,0
GMB2,"Gambia, The M2",4,3,0,0,0,0,0,0,0, ,0,2,5,0,2,0,0,0, , , , , , , , ,0,1,1,0,0,0,0,0,0,0,0,0,0,2,0, , ,1,0
GMB3,"Gambia, The M3",4,2,0,1,1,0,0,1,2,2,1,2,5,0,2,0,0,0, , , , , , , , ,0,1,1,0,0,0,0,0,0,0,0,0,0,2,0, , ,1,0
GEO1,Georgia M1,2,1,0,1,1,0,1,1,2,1,1,3,12,1,1,2,0,1,1,2,3,0,1,0,1,0,1,3,14,4,1,2,2,1,0,2,2,1,1,3,1,1,1,1,0
GEO2,Georgia M2,2,1,1,1,1,0,1,1,2,1,1,3,12,1,1,2,0,1,1,2,3,0,1,0,1,0,1,3,14,4,1,2,2,1,0,2,2,1,1,3,1,1,1,1,0
GEO3,Georgia M3,2,1,1,1,1,0,1,1,2,1,1,3,12,1,1,2,0,1,1,2,3,0,1,0,1,0,1,3,14,4,1,2,2,1,0,2,2,1,1,3,1,1,1,1,0
DEU1,Germany M1,2,0,1,1,2,1,1,1,1,1,0,4,15,1,0,3,1,0,1,3,4,0,0,0,1,1,1,4,46,17,1,2,2,1,1,3,3,1,1,4,1,1,1,0,0
DEU2,Germany M2,2,0,1,1,2,1,1,1,1,1,0,4,15,1,0,3,1,0,1,3,4,0,0,0,1,1,1,4,46,17,1,2,2,1,1,3,3,1,1,4,1,1,1,0,0
DEU3,Germany M3,2,0,1,1,2,1,1,1,1,1,0,4,15,1,0,3,1,0,1,3,4,0,0,0,1,1,1,4,46,17,1,2,2,1,1,3,3,1,1,4,1,1,1,0,0
GHA1,Ghana M1,4,3,0,0,0,0,0,0,0,0,0,3,10,0,1,1,0,0,0,1,1,0,0,1,0,0,0,2,4,2,1,1,1,0,0,1,1,0,0,3,1,0,1,1,0
GHA2,Ghana M2,4,3,0,0,0,0,0,0,0,0,0,3,10,0,1,1,0,0,0,1,1,0,0,1,0,0,0,2,4,2,1,1,1,0,0,1,1,0,0,3,1,0,1,1,0
GHA3,Ghana M3,4,3,0,0,0,0,0,0,0,0,0,3,10,0,1,1,0,0,0,1,1,0,0,1,0,0,0,2,4,2,1,1,1,0,0,1,1,0,0,3,1,0,1,1,0
GRC1,Greece M1,2,0,1,1,2,1,1,1,1,1,0,4,14,1,0,2,0,1,1,3,3,0,1,0,1,0,1,4,46,17,1,2,2,1,1,3,3,1,1,3,1,1,1,0,0
GRC2,Greece M2,2,0,1,1,2,1,1,1,1,1,0,4,14,1,0,2,0,1,1,3,3,0,1,0,1,0,1,4,46,17,1,2,2,1,1,3,3,1,1,3,1,1,1,0,0
GRC3,Greece M3,2,0,1,1,2,1,1,1,1,1,0,4,14,1,0,2,0,1,1,3,3,0,1,0,1,0,1,4,46,17,1,2,2,1,1,3,3,1,1,3,1,1,1,0,0
GRD1,Grenada M1,8,3,0,0,0,0,0,0,0,0,0,3,10,0,1,1,0,0, , , , , , , , ,1,3,3,3,1,1,0,0,0,2,1,1,0,0, , , ,1,0
GRD2,Grenada M2,8,3,0,0,0,0,0,0,0,0,0,3,10,0,1,1,0,0, , , , , , , , ,1,3,3,3,1,1,0,0,0,2,1,1,0,0, , , ,1,0
GRD3,Grenada M3,8,3,0,0,0,0,0,0,0,0,0,3,10,0,1,1,0,0, , , , , , , , ,1,3,3,3,1,1,0,0,0,2,1,1,0,0, , , ,1,0
GTM1,Guatemala M1,5,4,1,1,1,1,0,1,1,2,0,3,9,0,2,1,0,0,0,1,2,1,0,1,0,0,1,3,10,4,1,2,1,1,0,2,2,1,1,3,1,0,1,1,0
GTM2,Guatemala M2,5,4,0,1,1,1,0,1,1,2,0,3,9,0,2,1,0,0,0,1,2,1,0,1,0,0,1,3,10,4,1,2,1,1,0,2,2,1,1,3,1,0,1,1,0
GTM3,Guatemala M3,5,4,1,1,1,1,0,1,1,2,0,3,9,0,2,1,0,0,0,1,2,1,0,1,0,0,1,3,10,4,1,2,1,1,0,2,2,1,1,3,1,0,1,1,0
GIN1,Guinea M1,4,3,0,0,0,0,0,0,0,0,0,2,5,0,2,0,0,0,0,1,1,0,0,1,0,0,0,1,2,0,0,0,0,0,0,0,0,0,0,2,0,0,1,1,0
GIN2,Guinea M2,4,3,0,0,0,0,0,0,0,0,0,2,5,0,2,0,0,0,0,1,1,0,0,1,0,0,0,1,2,0,0,0,0,0,0,0,0,0,0,2,0,0,1,1,0
GIN3,Guinea M3,4,3,0,0,0,0,0,0,0,0,0,2,5,0,2,0,0,0,0,1,1,0,0,1,0,0,0,1,2,0,0,0,0,0,0,0,0,0,0,2,0,0,1,1,0
GNB1,Guinea-Bissau M1,4,3,0,0,0,0,0,0,0,0,0,1,4,0,2,0,0,0, , , , , , , , ,0,1,1,0,0,0,0,0,0,0,0,0,0,3,1, , ,1,0
GNB2,Guinea-Bissau M2,4,3,0,0,0,0,0,0,0,0,0,1,4,0,2,0,0,0, , , , , , , , ,0,1,1,0,0,0,0,0,0,0,0,0,0,3,1, , ,1,0
GNB3,Guinea-Bissau M3,4,3,0,0,0,0,0,0,0,0,0,1,4,0,2,0,0,0, , , , , , , , ,0,1,1,0,0,0,0,0,0,0,0,0,0,3,1, , ,1,0
GUY1,Guyana M1,8,3,0,0,0,0,0,0,0,0,0,2,8,0,2,1,0,0, , , , , , , , ,1,3,4,3,1,1,1,0,0,2,1,1,0,3,1, , ,1,0
GUY2,Guyana M2,8,3,0,0,0,0,0,0,0,0,0,2,8,0,2,1,0,0, , , , , , , , ,1,3,4,3,1,1,1,0,0,2,1,1,0,3,1, , ,1,0
GUY3,Guyana M3,8,3,0,0,0,0,0,0,0,0,0,2,8,0,2,1,0,0, , , , , , , , ,1,3,4,3,1,1,1,0,0,2,1,1,0,3,1, , ,1,0
HTI1,Haiti M1,8,3,0,0,0,0,0,0,0,0,0,2,5,0,2,0,0,0,0,1,1,0,0,1,0,0,0,2,2,2,1,1,0,0,0,1,0,0,0,2,0,0,1,1,0
HTI2,Haiti M2,8,3,0,0,0,0,0,0,0,0,0,2,5,0,2,0,0,0,0,1,1,0,0,1,0,0,0,2,2,2,1,1,0,0,0,1,0,0,0,2,0,0,1,1,0
HTI3,Haiti M3,8,3,0,0,0,0,0,0,0,0,0,2,5,0,2,0,0,0,0,1,1,0,0,1,0,0,0,2,2,2,1,1,0,0,0,1,0,0,0,2,0,0,1,1,0
HND1,Honduras M1,5,1,0,1,1,0,1,1,2,1,1,2,8,0,2,0,0,0,0,1,2,1,0,1,0,0,0,2,13,5,1,2,2,1,1,2,2,1,1,2,0,0,1,1,0
HND2,Honduras M2,5,1,1,1,1,0,1,1,2,1,1,2,8,0,2,0,0,0,0,1,2,1,0,1,0,0,0,2,13,5,1,2,2,1,1,2,2,1,1,2,0,0,1,1,0
HND3,Honduras M3,5,1,1,1,1,0,1,1,2,1,1,2,8,0,2,0,0,0,0,1,2,1,0,1,0,0,0,2,13,5,1,2,2,1,1,2,2,1,1,2,0,0,1,1,0
HKG1,"Hong Kong SAR, China M1",7,0,1,1,2,1,1,1,1,1,0, , , , , , , ,1,3,4,0,0,0,1,1,1,4,8,4,1,2,1,1,0,2,2,1,1,0, ,1,1,1,0
HKG2,"Hong Kong SAR, China M2",7,0,1,1,2,1,1,1,1,1,0, , , , , , , ,1,3,4,0,0,0,1,1,1,4,8,4,1,2,1,1,0,2,2,1,1,0, ,1,1,1,0
HKG3,"Hong Kong SAR, China M3",7,0,1,1,2,1,1,1,1,1,0, , , , , , , ,1,3,4,0,0,0,1,1,1,4,8,4,1,2,1,1,0,2,2,1,1,0, ,1,1,1,0
HUN1,Hungary M1,2,0,1,1,2,1,1,1,1,1,0,4,13,1,1,2,0,1,1,3,4,0,0,0,1,1,1,4,46,17,1,2,2,1,1,3,3,1,1,3,1,1,1,0,0
HUN2,Hungary M2,2,0,1,1,2,1,1,1,1,1,0,4,13,1,1,2,0,1,1,3,4,0,0,0,1,1,1,4,46,17,1,2,2,1,1,3,3,1,1,3,1,1,1,0,0
HUN3,Hungary M3,2,0,1,1,2,1,1,1,1,1,0,4,13,1,1,2,0,1,1,3,4,0,0,0,1,1,1,4,46,17,1,2,2,1,1,3,3,1,1,3,1,1,1,0,0
ISL1,Iceland M1,2,0,1,1,2,1,1,1,1,1,0,4,16,1,0,3,1,0,1,3,4,0,0,0,1,1,1,4,32,5,1,2,2,1,1,2,3,1,1,4,1,1,1,1,0
ISL2,Iceland M2,2,0,1,1,2,1,1,1,1,1,0,4,16,1,0,3,1,0,1,3,4,0,0,0,1,1,1,4,32,5,1,2,2,1,1,2,3,1,1,4,1,1,1,1,0
ISL3,Iceland M3,2,0,1,1,2,1,1,1,1,1,0,4,16,1,0,3,1,0,1,3,4,0,0,0,1,1,1,4,32,5,1,2,2,1,1,2,3,1,1,4,1,1,1,1,0
IND1,India M1,1,3,0,0,0,0,0,0,0,0,0,3,10,0,1,1,0,0,0,2,2,1,0,1,0,0,0,2,17,1,1,1,2,1,0,1,2,0,1,3,1,1,1,1,0
IND2,India M2,1,3,0,0,0,0,0,0,0,0,0,3,10,0,1,1,0,0,0,2,2,1,0,1,0,0,0,2,17,1,1,1,2,1,0,1,2,0,1,3,1,1,1,1,0
IND3,India M3,1,3,0,0,0,0,0,0,0,0,0,3,10,0,1,1,0,0,0,2,2,1,0,1,0,0,0,2,17,1,1,1,2,1,0,1,2,0,1,3,1,1,1,1,0
IDN1,Indonesia M1,7,2,0,1,1,0,0,1,2,2,1,3,11,0,1,1,0,0,1,2,3,0,1,0,1,0,0,2,12,2,1,1,1,1,0,1,2,0,1,3,1,0,1,1,0
IDN2,Indonesia M2,7,2,0,1,1,0,0,1,2,2,1,3,11,0,1,1,0,0,1,2,3,0,1,0,1,0,0,2,12,2,1,1,1,1,0,1,2,0,1,3,1,0,1,1,0
IDN3,Indonesia M3,7,2,1,1,1,0,0,1,2,2,1,3,11,0,1,1,0,0,1,2,3,0,1,0,1,0,0,2,12,2,1,1,1,1,0,1,2,0,1,3,1,0,1,1,0
IRL1,Ireland M1,2,0,1,1,2,1,1,1,1,1,0,4,15,1,0,3,1,0,1,3,4,0,0,0,1,1,1,4,46,17,1,2,2,1,1,3,3,1,1,4,1,1,1,0,0
IRL2,Ireland M2,2,0,1,1,2,1,1,1,1,1,0,4,15,1,0,3,1,0,1,3,4,0,0,0,1,1,1,4,46,17,1,2,2,1,1,3,3,1,1,4,1,1,1,0,0
IRL3,Ireland M3,2,0,1,1,2,1,1,1,1,1,0,4,15,1,0,3,1,0,1,3,4,0,0,0,1,1,1,4,46,17,1,2,2,1,1,3,3,1,1,4,1,1,1,0,0
ISR1,Israel M1,3,0,1,1,2,1,1,1,1,1,0,4,14,1,0,3,1,0,1,3,3,0,1,0,1,0,1,4,10,1,1,1,1,1,0,1,2,0,1,3,1,1,1,1,0
ISR2,Israel M2,3,0,1,1,2,1,1,1,1,1,0,4,14,1,0,3,1,0,1,3,3,0,1,0,1,0,1,4,10,1,1,1,1,1,0,1,2,0,1,3,1,1,1,1,0
ISR3,Israel M3,3,0,1,1,2,1,1,1,1,1,0,4,14,1,0,3,1,0,1,3,3,0,1,0,1,0,1,4,10,1,1,1,1,1,0,1,2,0,1,3,1,1,1,1,0
ITA1,Italy M1,2,0,1,1,2,1,1,1,1,1,0,4,14,1,0,3,1,0,1,3,4,0,0,0,1,1,1,4,46,17,1,2,2,1,1,3,3,1,1,4,1,1,1,0,0
ITA2,Italy M2,2,0,1,1,2,1,1,1,1,1,0,4,14,1,0,3,1,0,1,3,4,0,0,0,1,1,1,4,46,17,1,2,2,1,1,3,3,1,1,4,1,1,1,0,0
ITA3,Italy M3,2,0,1,1,2,1,1,1,1,1,0,4,14,1,0,3,1,0,1,3,4,0,0,0,1,1,1,4,46,17,1,2,2,1,1,3,3,1,1,4,1,1,1,0,0
JAM1,Jamaica M1,8,3,0,0,0,0,0,0,0,0,0,3,9,0,1,1,0,0,0,2,2,1,0,1,0,0,1,3,3,3,1,1,0,0,0,2,1,1,0,3,1,1,1,1,0
JAM2,Jamaica M2,8,3,0,0,0,0,0,0,0,0,0,3,9,0,1,1,0,0,0,2,2,1,0,1,0,0,1,3,3,3,1,1,0,0,0,2,1,1,0,3,1,1,1,1,0
JAM3,Jamaica M3,8,3,0,0,0,0,0,0,0,0,0,3,9,0,1,1,0,0,0,2,2,1,0,1,0,0,1,3,3,3,1,1,0,0,0,2,1,1,0,3,1,1,1,1,0
JPN1,Japan M1,7,0,1,1,2,1,1,1,1,1,0,4,16,1,0,3,1,0,1,3,4,0,0,0,1,1,1,4,18,9,1,2,2,1,1,3,3,1,1,4,1,1,1,0,0
JPN2,Japan M2,7,0,1,1,2,1,1,1,1,1,0,4,16,1,0,3,1,0,1,3,4,0,0,0,1,1,1,4,18,9,1,2,2,1,1,3,3,1,1,4,1,1,1,0,0
JPN3,Japan M3,7,0,1,1,2,1,1,1,1,1,0,4,16,1,0,3,1,0,1,3,4,0,0,0,1,1,1,4,18,9,1,2,2,1,1,3,3,1,1,4,1,1,1,0,0
JOR1,Jordan M1,3,3,0,0,0,0,0,0,0,0,0,3,9,0,2,1,0,0,0,1,2,1,0,1,0,0,1,3,8,3,1,1,1,1,0,2,2,1,1,1,0,1,1,1,0
JOR2,Jordan M2,3,3,0,0,0,0,0,0,0,0,0,3,9,0,2,1,0,0,0,1,2,1,0,1,0,0,1,3,8,3,1,1,1,1,0,2,2,1,1,1,0,1,1,1,0
JOR3,Jordan M3,3,3,0,0,0,0,0,0,0,0,0,3,9,0,2,1,0,0,0,1,2,1,0,1,0,0,1,3,8,3,1,1,1,1,0,2,2,1,1,1,0,1,1,1,0
KAZ1,Kazakhstan M1,2,0,1,1,2,1,1,1,1,1,0,4,15,1,0,3,1,0,1,2,3,0,1,0,1,0,1,3,11,3,1,1,1,1,0,2,2,1,1,2,0,1,1,1,0
KAZ2,Kazakhstan M2,2,0,1,1,2,1,1,1,1,1,0,4,15,1,0,3,1,0,1,2,3,0,1,0,1,0,1,3,11,3,1,1,1,1,0,2,2,1,1,2,0,1,1,1,0
KAZ3,Kazakhstan M3,2,0,1,1,2,1,1,1,1,1,0,4,15,1,0,3,1,0,1,2,3,0,1,0,1,0,1,3,11,3,1,1,1,1,0,2,2,1,1,2,0,1,1,1,0
KEN1,Kenya M1,4,2,0,1,1,0,0,1,2,2,1,3,9,0,1,1,0,0,0,2,2,1,0,1,0,0,0,2,3,0,0,0,0,0,0,0,1,0,0,3,1,0,1,1,0
KEN2,Kenya M2,4,2,0,1,1,0,0,1,2,2,1,3,9,0,1,1,0,0,0,2,2,1,0,1,0,0,0,2,3,0,0,0,0,0,0,0,1,0,0,3,1,0,1,1,0
KEN3,Kenya M3,4,2,1,1,1,0,0,1,2,2,1,3,9,0,1,1,0,0,0,2,2,1,0,1,0,0,0,2,3,0,0,0,0,0,0,0,1,0,0,3,1,0,1,1,0
KOR1,"Korea, Rep. M1",7,0,1,1,2,1,1,1,1,1,0,4,16,1,0,3,1,0,1,3,3,0,1,0,1,0,1,4,20,11,1,2,2,1,1,3,3,1,1,4,1,1,1,0,0
KOR2,"Korea, Rep. M2",7,0,1,1,2,1,1,1,1,1,0,4,16,1,0,3,1,0,1,3,3,0,1,0,1,0,1,4,20,11,1,2,2,1,1,3,3,1,1,4,1,1,1,0,0
KOR3,"Korea, Rep. M3",7,0,1,1,2,1,1,1,1,1,0,4,16,1,0,3,1,0,1,3,3,0,1,0,1,0,1,4,20,11,1,2,2,1,1,3,3,1,1,4,1,1,1,0,0
KWT1,Kuwait M1,3,0,1,1,2,1,1,1,1,1,0,4,13,1,0,2,0,1,0,2,3,0,1,1,0,0,1,4,3,2,1,1,0,0,0,1,1,0,0,1,0,1,1,1,0
KWT2,Kuwait M2,3,0,1,1,2,1,1,1,1,1,0,4,13,1,0,2,0,1,0,2,3,0,1,1,0,0,1,4,3,2,1,1,0,0,0,1,1,0,0,1,0,1,1,1,0
KWT3,Kuwait M3,3,0,1,1,2,1,1,1,1,1,0,4,13,1,0,2,0,1,0,2,3,0,1,1,0,0,1,4,3,2,1,1,0,0,0,1,1,0,0,1,0,1,1,1,0
KGZ1,Kyrgyz Republic M1,2,2,0,1,1,0,0,0,0,0,0,3,11,1,1,2,0,1,0,2,2,1,0,1,0,0,0,2,10,0,0,0,1,1,0,0,2,0,1,3,1,0,1,1,0
KGZ2,Kyrgyz Republic M2,2,2,0,1,1,0,0,0,0,0,0,3,11,1,1,2,0,1,0,2,2,1,0,1,0,0,0,2,10,0,0,0,1,1,0,0,2,0,1,3,1,0,1,1,0
KGZ3,Kyrgyz Republic M3,2,2,1,1,1,0,0,0,0,0,0,3,11,1,1,2,0,1,0,2,2,1,0,1,0,0,0,2,10,0,0,0,1,1,0,0,2,0,1,3,1,0,1,1,0
LAO1,Lao PDR M1,7,0,1,1,2,1,1,1,1,1,0,2,6,0,2,0,0,0,0,1,1,0,0,1,0,0,0,2,9,1,1,1,1,1,0,1,2,0,1,1,0,0,1,1,0
LAO2,Lao PDR M2,7,0,1,1,2,1,1,1,1,1,0,2,6,0,2,0,0,0,0,1,1,0,0,1,0,0,0,2,9,1,1,1,1,1,0,1,2,0,1,1,0,0,1,1,0
LAO3,Lao PDR M3,7,0,1,1,2,1,1,1,1,1,0,2,6,0,2,0,0,0,0,1,1,0,0,1,0,0,0,2,9,1,1,1,1,1,0,1,2,0,1,1,0,0,1,1,0
LVA1,Latvia M1,2,0,1,1,2,1,1,1,1,1,0,4,13,1,0,2,0,1,1,3,4,0,0,0,1,1,1,4,46,17,1,2,2,1,1,3,3,1,1,4,1,1,1,0,0
LVA2,Latvia M2,2,0,1,1,2,1,1,1,1,1,0,4,13,1,0,2,0,1,1,3,4,0,0,0,1,1,1,4,46,17,1,2,2,1,1,3,3,1,1,4,1,1,1,0,0
LVA3,Latvia M3,2,0,1,1,2,1,1,1,1,1,0,4,13,1,0,2,0,1,1,3,4,0,0,0,1,1,1,4,46,17,1,2,2,1,1,3,3,1,1,4,1,1,1,0,0
LSO1,Lesotho M1,4,3,0,0,0,0,0,0,0,0,0,2,8,0,2,1,0,0,0,1,2,1,0,1,0,0,0,2,7,0,0,0,1,1,0,0,2,0,1,3,1,0,1,1,0
LSO2,Lesotho M2,4,3,0,0,0,0,0,0,0,0,0,2,8,0,2,1,0,0,0,1,2,1,0,1,0,0,0,2,7,0,0,0,1,1,0,0,2,0,1,3,1,0,1,1,0
LSO3,Lesotho M3,4,3,0,0,0,0,0,0,0,0,0,2,8,0,2,1,0,0,0,1,2,1,0,1,0,0,0,2,7,0,0,0,1,1,0,0,2,0,1,3,1,0,1,1,0
LBR1,Liberia M1,4,3,0,0,0,0,0,0,0,0,0,2,5,0,2,0,0,0,0,1,1,0,0,1,0,0,0,1,1,0,0,0,0,0,0,0,0,0,0,3,1,0,1,1,0
LBR2,Liberia M2,4,3,0,0,0,0,0,0,0,0,0,2,5,0,2,0,0,0,0,1,1,0,0,1,0,0,0,1,1,0,0,0,0,0,0,0,0,0,0,3,1,0,1,1,0
LBR3,Liberia M3,4,3,0,0,0,0,0,0,0,0,0,2,5,0,2,0,0,0,0,1,1,0,0,1,0,0,0,1,1,0,0,0,0,0,0,0,0,0,0,3,1,0,1,1,0
LIE1,Liechtenstein M1,2,0,1,1,2,1,1,1,1,1,0,4,14,1,0,3,1,0, , , , , , , , ,1,4,30,5,1,2,2,1,1,2,3,1,1,0, , , ,1,0
LIE2,Liechtenstein M2,2,0,1,1,2,1,1,1,1,1,0,4,14,1,0,3,1,0, , , , , , , , ,1,4,30,5,1,2,2,1,1,2,3,1,1,0, , , ,1,0
LIE3,Liechtenstein M3,2,0,1,1,2,1,1,1,1,1,0,4,14,1,0,3,1,0, , , , , , , , ,1,4,30,5,1,2,2,1,1,2,3,1,1,0, , , ,1,0
LTU1,Lithuania M1,2,0,1,1,2,1,1,1,1,1,0,4,15,1,0,3,1,0,1,3,4,0,0,0,1,1,1,4,46,17,1,2,2,1,1,3,3,1,1,3,1,1,1,0,0
LTU2,Lithuania M2,2,0,1,1,2,1,1,1,1,1,0,4,15,1,0,3,1,0,1,3,4,0,0,0,1,1,1,4,46,17,1,2,2,1,1,3,3,1,1,3,1,1,1,0,0
LTU3,Lithuania M3,2,0,1,1,2,1,1,1,1,1,0,4,15,1,0,3,1,0,1,3,4,0,0,0,1,1,1,4,46,17,1,2,2,1,1,3,3,1,1,3,1,1,1,0,0
LUX1,Luxembourg M1,2,0,1,1,2,1,1,1,1,1,0,4,14,1,0,3,1,0,1,3,4,0,0,0,1,1,1,4,46,17,1,2,2,1,1,3,3,1,1,0, ,1,1,0,0
LUX2,Luxembourg M2,2,0,1,1,2,1,1,1,1,1,0,4,14,1,0,3,1,0,1,3,4,0,0,0,1,1,1,4,46,17,1,2,2,1,1,3,3,1,1,0, ,1,1,0,0
LUX3,Luxembourg M3,2,0,1,1,2,1,1,1,1,1,0,4,14,1,0,3,1,0,1,3,4,0,0,0,1,1,1,4,46,17,1,2,2,1,1,3,3,1,1,0, ,1,1,0,0
MAC1,"Macao SAR, China M1",7,3,0,0,0,0,0,0,0,0,0, , , , , , , , , , , , , , , ,1,4,0,0,0,0,0,0,0,0,0,0,0,0, , , ,1,0
MAC2,"Macao SAR, China M2",7,3,0,0,0,0,0,0,0,0,0, , , , , , , , , , , , , , , ,1,4,0,0,0,0,0,0,0,0,0,0,0,0, , , ,1,0
MAC3,"Macao SAR, China M3",7,3,0,0,0,0,0,0,0,0,0, , , , , , , , , , , , , , , ,1,4,0,0,0,0,0,0,0,0,0,0,0,0, , , ,1,0
MDG1,Madagascar M1,4,3,0,0,0,0,0,0,0,0,0,2,5,0,2,0,0,0,0,1,1,0,0,1,0,0,0,1,1,1,1,1,0,0,0,1,0,0,0,2,0,0,1,1,0
MDG2,Madagascar M2,4,3,0,0,0,0,0,0,0,0,0,2,5,0,2,0,0,0,0,1,1,0,0,1,0,0,0,1,1,1,1,1,0,0,0,1,0,0,0,2,0,0,1,1,0
MDG3,Madagascar M3,4,3,0,0,0,0,0,0,0,0,0,2,5,0,2,0,0,0,0,1,1,0,0,1,0,0,0,1,1,1,1,1,0,0,0,1,0,0,0,2,0,0,1,1,0
MWI1,Malawi M1,4,3,0,0,0,0,0,0,0,0,0,2,6,0,2,0,0,0,0,1,1,0,0,1,0,0,0,1,2,0,0,0,0,0,0,0,0,0,0,3,1,0,1,1,0
MWI2,Malawi M2,4,3,0,0,0,0,0,0,0,0,0,2,6,0,2,0,0,0,0,1,1,0,0,1,0,0,0,1,2,0,0,0,0,0,0,0,0,0,0,3,1,0,1,1,0
MWI3,Malawi M3,4,3,0,0,0,0,0,0,0,0,0,2,6,0,2,0,0,0,0,1,1,0,0,1,0,0,0,1,2,0,0,0,0,0,0,0,0,0,0,3,1,0,1,1,0
MYS1,Malaysia M1,7,0,1,1,2,1,1,1,1,1,0,4,13,1,0,2,0,1,1,3,3,0,1,0,1,0,1,3,15,4,1,2,2,1,0,2,2,1,1,2,0,1,1,1,0
MYS2,Malaysia M2,7,0,1,1,2,1,1,1,1,1,0,4,13,1,0,2,0,1,1,3,3,0,1,0,1,0,1,3,15,4,1,2,2,1,0,2,2,1,1,2,0,1,1,1,0
MYS3,Malaysia M3,7,0,1,1,2,1,1,1,1,1,0,4,13,1,0,2,0,1,1,3,3,0,1,0,1,0,1,3,15,4,1,2,2,1,0,2,2,1,1,2,0,1,1,1,0
MDV1,Maldives M1,1,3,0,0,0,0,0,0,0,0,0,3,10,0,1,1,0,0, , , , , , , , ,1,3,2,0,0,0,0,0,0,0,0,0,0,2,0, , ,1,0
MDV2,Maldives M2,1,3,0,0,0,0,0,0,0,0,0,3,10,0,1,1,0,0, , , , , , , , ,1,3,2,0,0,0,0,0,0,0,0,0,0,2,0, , ,1,0
MDV3,Maldives M3,1,3,0,0,0,0,0,0,0,0,0,3,10,0,1,1,0,0, , , , , , , , ,1,3,2,0,0,0,0,0,0,0,0,0,0,2,0, , ,1,0
MLI1,Mali M1,4,3,0,0,0,0,0,0,0,0,0,2,6,0,2,0,0,0,0,1,1,0,0,1,0,0,0,1,2,0,0,0,0,0,0,0,0,0,0,3,1,0,1,1,0
MLI2,Mali M2,4,3,0,0,0,0,0,0,0,0,0,2,6,0,2,0,0,0,0,1,1,0,0,1,0,0,0,1,2,0,0,0,0,0,0,0,0,0,0,3,1,0,1,1,0
MLI3,Mali M3,4,3,0,0,0,0,0,0,0,0,0,2,6,0,2,0,0,0,0,1,1,0,0,1,0,0,0,1,2,0,0,0,0,0,0,0,0,0,0,3,1,0,1,1,0
MLT1,Malta M1,3,0,1,1,2,1,1,1,1,1,0,4,15,1,0,3,1,0,1,3,3,0,1,0,1,0,1,4,46,17,1,2,2,1,1,3,3,1,1,0, ,1,1,0,0
MLT2,Malta M2,3,0,1,1,2,1,1,1,1,1,0,4,15,1,0,3,1,0,1,3,3,0,1,0,1,0,1,4,46,17,1,2,2,1,1,3,3,1,1,0, ,1,1,0,0
MLT3,Malta M3,3,0,1,1,2,1,1,1,1,1,0,4,15,1,0,3,1,0,1,3,3,0,1,0,1,0,1,4,46,17,1,2,2,1,1,3,3,1,1,0, ,1,1,0,0
MHL1,Marshall Islands M1,7,3,0,0,0,0,0,0,0,0,0,2,7,0,2,0,0,0, , , , , , , , ,1,3,1,0,0,0,0,0,0,0,0,0,0,0, , ,0,1,0
MHL2,Marshall Islands M2,7,3,0,0,0,0,0,0,0,0,0,2,7,0,2,0,0,0, , , , , , , , ,1,3,1,0,0,0,0,0,0,0,0,0,0,0, , ,0,1,0
MHL3,Marshall Islands M3,7,3,0,0,0,0,0,0,0,0,0,2,7,0,2,0,0,0, , , , , , , , ,1,3,1,0,0,0,0,0,0,0,0,0,0,0, , ,0,1,0
MRT1,Mauritania M1,4,3,0,0,0,0,0,0,0,0,0,2,5,0,2,0,0,0,0,1,1,0,0,1,0,0,0,2,0,0,0,0,0,0,0,0,0,0,0,2,0,0,1,1,0
MRT2,Mauritania M2,4,3,0,0,0,0,0,0,0,0,0,2,5,0,2,0,0,0,0,1,1,0,0,1,0,0,0,2,0,0,0,0,0,0,0,0,0,0,0,2,0,0,1,1,0
MRT3,Mauritania M3,4,3,0,0,0,0,0,0,0,0,0,2,5,0,2,0,0,0,0,1,1,0,0,1,0,0,0,2,0,0,0,0,0,0,0,0,0,0,0,2,0,0,1,1,0
MUS1,Mauritius M1,4,2,0,1,1,0,0,1,0,0,0,3,12,1,1,2,0,1,0,2,3,0,1,1,0,0,1,3,8,2,1,1,1,1,0,1,2,0,1,3,1,1,1,1,0
MUS2,Mauritius M2,4,2,0,1,1,0,0,1,0,0,0,3,12,1,1,2,0,1,0,2,3,0,1,1,0,0,1,3,8,2,1,1,1,1,0,1,2,0,1,3,1,1,1,1,0
MUS3,Mauritius M3,4,2,1,1,1,0,0,1,0,0,0,3,12,1,1,2,0,1,0,2,3,0,1,1,0,0,1,3,8,2,1,1,1,1,0,1,2,0,1,3,1,1,1,1,0
MEX1,Mexico M1,5,0,1,1,2,1,1,1,1,1,0,3,12,1,1,2,0,1,0,2,2,1,0,1,0,0,1,3,23,6,1,2,2,1,1,2,3,1,1,3,1,0,1,1,0
MEX2,Mexico M2,5,0,1,1,2,1,1,1,1,1,0,3,12,1,1,2,0,1,0,2,2,1,0,1,0,0,1,3,23,6,1,2,2,1,1,2,3,1,1,3,1,0,1,1,0
MEX3,Mexico M3,5,0,1,1,2,1,1,1,1,1,0,3,12,1,1,2,0,1,0,2,2,1,0,1,0,0,1,3,23,6,1,2,2,1,1,2,3,1,1,3,1,0,1,1,0
MDA1,Moldova M1,2,0,1,1,2,1,1,1,1,1,0, ,11, , , , , ,1,2,3,0,1,0,1,0,1,3,9,3,1,1,1,1,0,2,2,1,1,3, , ,1,1,0
MDA2,Moldova M2,2,0,1,1,2,1,1,1,1,1,0, ,11, , , , , ,1,2,3,0,1,0,1,0,1,3,9,3,1,1,1,1,0,2,2,1,1,3, , ,1,1,0
MDA3,Moldova M3,2,0,1,1,2,1,1,1,1,1,0, ,11, , , , , ,1,2,3,0,1,0,1,0,1,3,9,3,1,1,1,1,0,2,2,1,1,3, , ,1,1,0
MNG1,Mongolia M1,7,1,0,1,1,0,1,1,2,1,1,3,11,0,1,1,0,0,1,2,3,0,1,0,1,0,0,2,1,1,1,1,0,0,0,1,0,0,0,3,1,1,1,1,0
MNG2,Mongolia M2,7,1,1,1,1,0,1,1,2,1,1,3,11,0,1,1,0,0,1,2,3,0,1,0,1,0,0,2,1,1,1,1,0,0,0,1,0,0,0,3,1,1,1,1,0
MNG3,Mongolia M3,7,1,1,1,1,0,1,1,2,1,1,3,11,0,1,1,0,0,1,2,3,0,1,0,1,0,0,2,1,1,1,1,0,0,0,1,0,0,0,3,1,1,1,1,0
MNE1,Montenegro M1,7,0,1,1,2,1,1,1,1,1,0,3,11,1,1,2,0,1,1,2,3,0,1,0,1,0,1,3,5,1,1,1,1,0,0,1,1,0,0,2,0,0,1,1,0
MNE2,Montenegro M2,7,0,1,1,2,1,1,1,1,1,0,3,11,1,1,2,0,1,1,2,3,0,1,0,1,0,1,3,5,1,1,1,1,0,0,1,1,0,0,2,0,0,1,1,0
MNE3,Montenegro M3,7,0,1,1,2,1,1,1,1,1,0,3,11,1,1,2,0,1,1,2,3,0,1,0,1,0,1,3,5,1,1,1,1,0,0,1,1,0,0,2,0,0,1,1,0
MAR1,Morocco M1,3,3,0,0,0,0,0,0,0,0,0,3,10,0,1,1,0,0,0,2,2,1,0,1,0,0,0,2,9,1,1,1,1,1,0,1,2,0,1,1,0,0,1,1,0
MAR2,Morocco M2,3,3,0,0,0,0,0,0,0,0,0,3,10,0,1,1,0,0,0,2,2,1,0,1,0,0,0,2,9,1,1,1,1,1,0,1,2,0,1,1,0,0,1,1,0
MAR3,Morocco M3,3,3,0,0,0,0,0,0,0,0,0,3,10,0,1,1,0,0,0,2,2,1,0,1,0,0,0,2,9,1,1,1,1,1,0,1,2,0,1,1,0,0,1,1,0
MOZ1,Mozambique M1,4,3,0,0,0,0,0,0,0,0,0,2,6,0,2,0,0,0,0,1,1,0,0,1,0,0,0,1,4,0,0,0,1,0,0,0,1,0,0,2,0,0,1,1,0
MOZ2,Mozambique M2,4,3,0,0,0,0,0,0,0,0,0,2,6,0,2,0,0,0,0,1,1,0,0,1,0,0,0,1,4,0,0,0,1,0,0,0,1,0,0,2,0,0,1,1,0
MOZ3,Mozambique M3,4,3,0,0,0,0,0,0,0,0,0,2,6,0,2,0,0,0,0,1,1,0,0,1,0,0,0,1,4,0,0,0,1,0,0,0,1,0,0,2,0,0,1,1,0
MMR1,Myanmar M1,7,0,1,1,2,1,1,1,1,1,0,2,7,0,2,0,0,0,0,1,1,0,0,1,0,0,0,2,8,1,1,1,1,1,0,1,2,0,1,2,0,0,1,1,0
MMR2,Myanmar M2,7,0,1,1,2,1,1,1,1,1,0,2,7,0,2,0,0,0,0,1,1,0,0,1,0,0,0,2,8,1,1,1,1,1,0,1,2,0,1,2,0,0,1,1,0
MMR3,Myanmar M3,7,0,1,1,2,1,1,1,1,1,0,2,7,0,2,0,0,0,0,1,1,0,0,1,0,0,0,2,8,1,1,1,1,1,0,1,2,0,1,2,0,0,1,1,0
NAM1,Namibia M1,4,3,0,0,0,0,0,0,0,0,0,3,10,0,1,1,0,0,0,2,2,1,0,1,0,0,1,3,7,0,0,0,1,1,0,0,2,0,1,4,1,0,1,1,0
NAM2,Namibia M2,4,3,0,0,0,0,0,0,0,0,0,3,10,0,1,1,0,0,0,2,2,1,0,1,0,0,1,3,7,0,0,0,1,1,0,0,2,0,1,4,1,0,1,1,0
NAM3,Namibia M3,4,3,0,0,0,0,0,0,0,0,0,3,10,0,1,1,0,0,0,2,2,1,0,1,0,0,1,3,7,0,0,0,1,1,0,0,2,0,1,4,1,0,1,1,0
NPL1,Nepal M1,1,3,0,0,0,0,0,0,0,0,0,2,8,0,2,1,0,0,0,2,2,1,0,1,0,0,0,2,3,0,0,0,0,0,0,0,1,0,0,3,1,0,1,1,0
NPL2,Nepal M2,1,3,0,0,0,0,0,0,0,0,0,2,8,0,2,1,0,0,0,2,2,1,0,1,0,0,0,2,3,0,0,0,0,0,0,0,1,0,0,3,1,0,1,1,0
NPL3,Nepal M3,1,3,0,0,0,0,0,0,0,0,0,2,8,0,2,1,0,0,0,2,2,1,0,1,0,0,0,2,3,0,0,0,0,0,0,0,1,0,0,3,1,0,1,1,0
NLD1,Netherlands M1,2,0,1,1,2,1,1,1,1,1,0,4,16,1,0,3,1,0,1,3,4,0,0,0,1,1,1,4,46,17,1,2,2,1,1,3,3,1,1,4,1,1,1,0,0
NLD2,Netherlands M2,2,0,1,1,2,1,1,1,1,1,0,4,16,1,0,3,1,0,1,3,4,0,0,0,1,1,1,4,46,17,1,2,2,1,1,3,3,1,1,4,1,1,1,0,0
NLD3,Netherlands M3,2,0,1,1,2,1,1,1,1,1,0,4,16,1,0,3,1,0,1,3,4,0,0,0,1,1,1,4,46,17,1,2,2,1,1,3,3,1,1,4,1,1,1,0,0
NZL1,New Zealand M1,7,0,1,1,2,1,1,1,1,1,0,4,16,1,0,3,1,0,1,3,4,0,0,0,1,1,1,4,13,6,1,2,2,1,1,2,2,1,1,4,1,1,1,1,0
NZL2,New Zealand M2,7,0,1,1,2,1,1,1,1,1,0,4,16,1,0,3,1,0,1,3,4,0,0,0,1,1,1,4,13,6,1,2,2,1,1,2,2,1,1,4,1,1,1,1,0
NZL3,New Zealand M3,7,0,1,1,2,1,1,1,1,1,0,4,16,1,0,3,1,0,1,3,4,0,0,0,1,1,1,4,13,6,1,2,2,1,1,2,2,1,1,4,1,1,1,1,0
NIC1,Nicaragua M1,5,1,0,1,1,0,1,1,2,1,1,3,9,0,2,1,0,0,0,1,2,1,0,1,0,0,0,2,11,4,1,2,1,1,0,2,2,1,1,2,0,0,1,1,0
NIC2,Nicaragua M2,5,1,1,1,1,0,1,1,2,1,1,3,9,0,2,1,0,0,0,1,2,1,0,1,0,0,0,2,11,4,1,2,1,1,0,2,2,1,1,2,0,0,1,1,0
NIC3,Nicaragua M3,5,1,1,1,1,0,1,1,2,1,1,3,9,0,2,1,0,0,0,1,2,1,0,1,0,0,0,2,11,4,1,2,1,1,0,2,2,1,1,2,0,0,1,1,0
NER1,Niger M1,4,3,0,0,0,0,0,0,0,0,0,1,3,0,2,0,0,0,0,1,1,0,0,1,0,0,0,1,2,0,0,0,0,0,0,0,0,0,0,2,0,0,1,1,0
NER2,Niger M2,4,3,0,0,0,0,0,0,0,0,0,1,3,0,2,0,0,0,0,1,1,0,0,1,0,0,0,1,2,0,0,0,0,0,0,0,0,0,0,2,0,0,1,1,0
NER3,Niger M3,4,3,0,0,0,0,0,0,0,0,0,1,3,0,2,0,0,0,0,1,1,0,0,1,0,0,0,1,2,0,0,0,0,0,0,0,0,0,0,2,0,0,1,1,0
NGA1,Nigeria M1,4,0,1,1,2,1,1,1,1,1,0,2,8,0,2,0,0,0,0,1,2,1,0,1,0,0,0,2,2,0,0,0,0,0,0,0,0,0,0,3,1,0,1,1,0
NGA2,Nigeria M2,4,0,1,1,2,1,1,1,1,1,0,2,8,0,2,0,0,0,0,1,2,1,0,1,0,0,0,2,2,0,0,0,0,0,0,0,0,0,0,3,1,0,1,1,0
NGA3,Nigeria M3,4,0,1,1,2,1,1,1,1,1,0,2,8,0,2,0,0,0,0,1,2,1,0,1,0,0,0,2,2,0,0,0,0,0,0,0,0,0,0,3,1,0,1,1,0
MKD1,North Macedonia M1,2,0,1,1,2,1,1,1,1,1,0,3,12,1,1,2,0,1,1,2,3,0,1,0,1,0,1,3,6,1,1,1,1,0,0,1,1,0,0,3,1,1,1,1,0
MKD2,North Macedonia M2,2,0,1,1,2,1,1,1,1,1,0,3,12,1,1,2,0,1,1,2,3,0,1,0,1,0,1,3,6,1,1,1,1,0,0,1,1,0,0,3,1,1,1,1,0
MKD3,North Macedonia M3,2,0,1,1,2,1,1,1,1,1,0,3,12,1,1,2,0,1,1,2,3,0,1,0,1,0,1,3,6,1,1,1,1,0,0,1,1,0,0,3,1,1,1,1,0
NOR1,Norway M1,2,0,1,1,2,1,1,1,1,1,0,4,16,1,0,3,1,0,1,3,4,0,0,0,1,1,1,4,32,5,1,2,2,1,1,2,3,1,1,4,1,1,1,1,0
NOR2,Norway M2,2,0,1,1,2,1,1,1,1,1,0,4,16,1,0,3,1,0,1,3,4,0,0,0,1,1,1,4,32,5,1,2,2,1,1,2,3,1,1,4,1,1,1,1,0
NOR3,Norway M3,2,0,1,1,2,1,1,1,1,1,0,4,16,1,0,3,1,0,1,3,4,0,0,0,1,1,1,4,32,5,1,2,2,1,1,2,3,1,1,4,1,1,1,1,0
OMN1,Oman M1,3,2,0,1,1,0,0,0,0,0,0,4,13,1,0,2,0,1,0,2,2,1,0,1,0,0,1,4,4,3,1,1,1,0,0,2,1,1,0,1,0,1,1,1,0
OMN2,Oman M2,3,2,0,1,1,0,0,0,0,0,0,4,13,1,0,2,0,1,0,2,2,1,0,1,0,0,1,4,4,3,1,1,1,0,0,2,1,1,0,1,0,1,1,1,0
OMN3,Oman M3,3,2,1,1,1,0,0,0,0,0,0,4,13,1,0,2,0,1,0,2,2,1,0,1,0,0,1,4,4,3,1,1,1,0,0,2,1,1,0,1,0,1,1,1,0
PAK1,Pakistan M1,1,3,0,0,0,0,0,0,0,0,0,2,7,0,2,0,0,0,0,1,2,1,0,1,0,0,0,2,10,0,0,0,1,1,0,0,2,0,1,2,0,0,1,1,0
PAK2,Pakistan M2,1,3,0,0,0,0,0,0,0,0,0,2,7,0,2,0,0,0,0,1,2,1,0,1,0,0,0,2,10,0,0,0,1,1,0,0,2,0,1,2,0,0,1,1,0
PAK3,Pakistan M3,1,3,0,0,0,0,0,0,0,0,0,2,7,0,2,0,0,0,0,1,2,1,0,1,0,0,0,2,10,0,0,0,1,1,0,0,2,0,1,2,0,0,1,1,0
PAN1,Panama M1,5,0,1,1,2,1,1,1,1,1,0,3,11,1,1,2,0,1,1,2,3,0,1,0,1,0,1,3,18,6,1,2,2,1,1,2,3,1,1,3,1,0,1,1,0
PAN2,Panama M2,5,0,1,1,2,1,1,1,1,1,0,3,11,1,1,2,0,1,1,2,3,0,1,0,1,0,1,3,18,6,1,2,2,1,1,2,3,1,1,3,1,0,1,1,0
PAN3,Panama M3,5,0,1,1,2,1,1,1,1,1,0,3,11,1,1,2,0,1,1,2,3,0,1,0,1,0,1,3,18,6,1,2,2,1,1,2,3,1,1,3,1,0,1,1,0
PNG1,Papua New Guinea M1,7,3,0,0,0,0,0,0,0,0,0,2,5,0,2,0,0,0, , , , , , , , ,0,2,6,0,0,0,1,0,0,0,1,0,0,2,0, , ,1,0
PNG2,Papua New Guinea M2,7,3,0,0,0,0,0,0,0,0,0,2,5,0,2,0,0,0, , , , , , , , ,0,2,6,0,0,0,1,0,0,0,1,0,0,2,0, , ,1,0
PNG3,Papua New Guinea M3,7,3,0,0,0,0,0,0,0,0,0,2,5,0,2,0,0,0, , , , , , , , ,0,2,6,0,0,0,1,0,0,0,1,0,0,2,0, , ,1,0
PRY1,Paraguay M1,5,0,1,1,2,1,1,1,1,1,0,3,10,0,1,1,0,0,0,2,2,1,0,1,0,0,1,3,8,0,0,0,1,1,0,0,2,0,1,3,1,0,1,1,0
PRY2,Paraguay M2,5,0,1,1,2,1,1,1,1,1,0,3,10,0,1,1,0,0,0,2,2,1,0,1,0,0,1,3,8,0,0,0,1,1,0,0,2,0,1,3,1,0,1,1,0
PRY3,Paraguay M3,5,0,1,1,2,1,1,1,1,1,0,3,10,0,1,1,0,0,0,2,2,1,0,1,0,0,1,3,8,0,0,0,1,1,0,0,2,0,1,3,1,0,1,1,0
PER1,Peru M1,5,0,1,1,2,1,1,1,1,1,0,3,12,1,1,2,0,1,0,2,2,1,0,1,0,0,1,3,20,10,1,2,2,1,1,3,3,1,1,3,1,0,1,0,0
PER2,Peru M2,5,0,1,1,2,1,1,1,1,1,0,3,12,1,1,2,0,1,0,2,2,1,0,1,0,0,1,3,20,10,1,2,2,1,1,3,3,1,1,3,1,0,1,0,0
PER3,Peru M3,5,0,1,1,2,1,1,1,1,1,0,3,12,1,1,2,0,1,0,2,2,1,0,1,0,0,1,3,20,10,1,2,2,1,1,3,3,1,1,3,1,0,1,0,0
PHL1,Philippines M1,7,2,0,1,1,0,0,1,2,2,1,3,11,1,1,2,0,1,0,1,2,1,0,1,0,0,0,2,11,2,1,1,1,1,0,1,2,0,1,3,1,0,1,1,0
PHL2,Philippines M2,7,2,0,1,1,0,0,1,2,2,1,3,11,1,1,2,0,1,0,1,2,1,0,1,0,0,0,2,11,2,1,1,1,1,0,1,2,0,1,3,1,0,1,1,0
PHL3,Philippines M3,7,2,1,1,1,0,0,1,2,2,1,3,11,1,1,2,0,1,0,1,2,1,0,1,0,0,0,2,11,2,1,1,1,1,0,1,2,0,1,3,1,0,1,1,0
POL1,Poland M1,2,0,1,1,2,1,1,1,1,1,0,4,15,1,0,3,1,0,1,3,4,0,0,0,1,1,1,4,46,17,1,2,2,1,1,3,3,1,1,3,1,1,1,0,0
POL2,Poland M2,2,0,1,1,2,1,1,1,1,1,0,4,15,1,0,3,1,0,1,3,4,0,0,0,1,1,1,4,46,17,1,2,2,1,1,3,3,1,1,3,1,1,1,0,0
POL3,Poland M3,2,0,1,1,2,1,1,1,1,1,0,4,15,1,0,3,1,0,1,3,4,0,0,0,1,1,1,4,46,17,1,2,2,1,1,3,3,1,1,3,1,1,1,0,0
PRT1,Portugal M1,2,0,1,1,2,1,1,1,1,1,0,4,14,1,0,3,1,0,1,3,4,0,0,0,1,1,1,4,46,17,1,2,2,1,1,3,3,1,1,4,1,1,1,0,0
PRT2,Portugal M2,2,0,1,1,2,1,1,1,1,1,0,4,14,1,0,3,1,0,1,3,4,0,0,0,1,1,1,4,46,17,1,2,2,1,1,3,3,1,1,4,1,1,1,0,0
PRT3,Portugal M3,2,0,1,1,2,1,1,1,1,1,0,4,14,1,0,3,1,0,1,3,4,0,0,0,1,1,1,4,46,17,1,2,2,1,1,3,3,1,1,4,1,1,1,0,0
QAT1,Qatar M1,3,0,1,1,2,1,1,1,1,1,0,3,12,1,1,2,0,1,0,2,3,0,1,1,0,0,1,4,3,2,1,1,0,0,0,1,1,0,0,1,0,1,1,1,0
QAT2,Qatar M2,3,0,1,1,2,1,1,1,1,1,0,3,12,1,1,2,0,1,0,2,3,0,1,1,0,0,1,4,3,2,1,1,0,0,0,1,1,0,0,1,0,1,1,1,0
QAT3,Qatar M3,3,0,1,1,2,1,1,1,1,1,0,3,12,1,1,2,0,1,0,2,3,0,1,1,0,0,1,4,3,2,1,1,0,0,0,1,1,0,0,1,0,1,1,1,0
ROU1,Romania M1,2,0,1,1,2,1,1,1,1,1,0,4,13,1,1,2,0,1,1,3,4,0,0,0,1,1,1,3,46,17,1,2,2,1,1,3,3,1,1,3,1,1,1,0,0
ROU2,Romania M2,2,0,1,1,2,1,1,1,1,1,0,4,13,1,1,2,0,1,1,3,4,0,0,0,1,1,1,3,46,17,1,2,2,1,1,3,3,1,1,3,1,1,1,0,0
ROU3,Romania M3,2,0,1,1,2,1,1,1,1,1,0,4,13,1,1,2,0,1,1,3,4,0,0,0,1,1,1,3,46,17,1,2,2,1,1,3,3,1,1,3,1,1,1,0,0
RUS1,Russian Federation M1,2,0,1,1,2,1,1,1,1,1,0,4,14,1,0,3,1,0,1,3,3,0,1,0,1,0,1,3,12,3,1,1,1,1,0,2,2,1,1,2,0,1,1,1,0
RUS2,Russian Federation M2,2,0,1,1,2,1,1,1,1,1,0,4,14,1,0,3,1,0,1,3,3,0,1,0,1,0,1,3,12,3,1,1,1,1,0,2,2,1,1,2,0,1,1,1,0
RUS3,Russian Federation M3,2,0,1,1,2,1,1,1,1,1,0,4,14,1,0,3,1,0,1,3,3,0,1,0,1,0,1,3,12,3,1,1,1,1,0,2,2,1,1,2,0,1,1,1,0
RWA1,Rwanda M1,4,3,0,0,0,0,0,0,0,0,0,2,8,0,2,1,0,0,0,1,2,1,0,1,0,0,0,1,2,0,0,0,0,0,0,0,0,0,0,2,0,0,1,1,0
RWA2,Rwanda M2,4,3,0,0,0,0,0,0,0,0,0,2,8,0,2,1,0,0,0,1,2,1,0,1,0,0,0,1,2,0,0,0,0,0,0,0,0,0,0,2,0,0,1,1,0
RWA3,Rwanda M3,4,3,0,0,0,0,0,0,0,0,0,2,8,0,2,1,0,0,0,1,2,1,0,1,0,0,0,1,2,0,0,0,0,0,0,0,0,0,0,2,0,0,1,1,0
WSM1,Samoa M1,7,3,0,0,0,0,0,0,0,0,0,2,7,0,2,0,0,0, , , , , , , , ,0,2,5,0,0,0,1,0,0,0,1,0,0,0, , , ,1,0
WSM2,Samoa M2,7,3,0,0,0,0,0,0,0,0,0,2,7,0,2,0,0,0, , , , , , , , ,0,2,5,0,0,0,1,0,0,0,1,0,0,0, , , ,1,0
WSM3,Samoa M3,7,3,0,0,0,0,0,0,0,0,0,2,7,0,2,0,0,0, , , , , , , , ,0,2,5,0,0,0,1,0,0,0,1,0,0,0, , , ,1,0
SAU1,Saudi Arabia M1,3,3,0,0,0,0,0,0,0,0,0,4,14,1,0,2,0,1,0,2,2,1,0,1,0,0,1,4,3,2,1,1,0,0,0,1,1,0,0,1,0,1,1,1,0
SAU2,Saudi Arabia M2,3,3,0,0,0,0,0,0,0,0,0,4,14,1,0,2,0,1,0,2,2,1,0,1,0,0,1,4,3,2,1,1,0,0,0,1,1,0,0,1,0,1,1,1,0
SAU3,Saudi Arabia M3,3,3,0,0,0,0,0,0,0,0,0,4,14,1,0,2,0,1,0,2,2,1,0,1,0,0,1,4,3,2,1,1,0,0,0,1,1,0,0,1,0,1,1,1,0
SEN1,Senegal M1,4,3,0,0,0,0,0,0,0,0,0,2,7,0,2,0,0,0,0,1,1,0,0,1,0,0,0,2,2,0,0,0,0,0,0,0,0,0,0,3,1,0,1,1,0
SEN2,Senegal M2,4,3,0,0,0,0,0,0,0,0,0,2,7,0,2,0,0,0,0,1,1,0,0,1,0,0,0,2,2,0,0,0,0,0,0,0,0,0,0,3,1,0,1,1,0
SEN3,Senegal M3,4,3,0,0,0,0,0,0,0,0,0,2,7,0,2,0,0,0,0,1,1,0,0,1,0,0,0,2,2,0,0,0,0,0,0,0,0,0,0,3,1,0,1,1,0
SYC1,Seychelles M1,4,3,0,0,0,0,0,0,0,0,0,3,11,1,1,2,0,1, , , , , , , , ,1,4,3,1,1,1,0,0,0,1,1,0,0,3,1, , ,1,0
SYC2,Seychelles M2,4,3,0,0,0,0,0,0,0,0,0,3,11,1,1,2,0,1, , , , , , , , ,1,4,3,1,1,1,0,0,0,1,1,0,0,3,1, , ,1,0
SYC3,Seychelles M3,4,3,0,0,0,0,0,0,0,0,0,3,11,1,1,2,0,1, , , , , , , , ,1,4,3,1,1,1,0,0,0,1,1,0,0,3,1, , ,1,0
SLE1,Sierra Leone M1,4,3,0,0,0,0,0,0,0,0,0,2,5,0,2,0,0,0,0,1,1,0,0,1,0,0,0,1,1,0,0,0,0,0,0,0,0,0,0,3,1,0,1,1,0
SLE2,Sierra Leone M2,4,3,0,0,0,0,0,0,0,0,0,2,5,0,2,0,0,0,0,1,1,0,0,1,0,0,0,1,1,0,0,0,0,0,0,0,0,0,0,3,1,0,1,1,0
SLE3,Sierra Leone M3,4,3,0,0,0,0,0,0,0,0,0,2,5,0,2,0,0,0,0,1,1,0,0,1,0,0,0,1,1,0,0,0,0,0,0,0,0,0,0,3,1,0,1,1,0
SGP1,Singapore M1,7,0,1,1,2,1,1,1,1,1,0,4,16,1,0,3,1,0,1,3,4,0,0,0,1,1,1,4,27,17,1,2,2,1,1,3,3,1,1,2,0,1,1,0,0
SGP2,Singapore M2,7,0,1,1,2,1,1,1,1,1,0,4,16,1,0,3,1,0,1,3,4,0,0,0,1,1,1,4,27,17,1,2,2,1,1,3,3,1,1,2,0,1,1,0,0
SGP3,Singapore M3,7,0,1,1,2,1,1,1,1,1,0,4,16,1,0,3,1,0,1,3,4,0,0,0,1,1,1,4,27,17,1,2,2,1,1,3,3,1,1,2,0,1,1,0,0
SVK1,Slovak Republic M1,2,0,1,1,2,1,1,1,1,1,0,4,13,1,0,2,0,1,1,3,4,0,0,0,1,1,1,4,46,17,1,2,2,1,1,3,3,1,1,3,1,1,1,0,0
SVK2,Slovak Republic M2,2,0,1,1,2,1,1,1,1,1,0,4,13,1,0,2,0,1,1,3,4,0,0,0,1,1,1,4,46,17,1,2,2,1,1,3,3,1,1,3,1,1,1,0,0
SVK3,Slovak Republic M3,2,0,1,1,2,1,1,1,1,1,0,4,13,1,0,2,0,1,1,3,4,0,0,0,1,1,1,4,46,17,1,2,2,1,1,3,3,1,1,3,1,1,1,0,0
SVN1,Slovenia M1,2,0,1,1,2,1,1,1,1,1,0,4,15,1,0,3,1,0,1,3,4,0,0,0,1,1,1,4,46,17,1,2,2,1,1,3,3,1,1,4,1,1,1,0,0
SVN2,Slovenia M2,2,0,1,1,2,1,1,1,1,1,0,4,15,1,0,3,1,0,1,3,4,0,0,0,1,1,1,4,46,17,1,2,2,1,1,3,3,1,1,4,1,1,1,0,0
SVN3,Slovenia M3,2,0,1,1,2,1,1,1,1,1,0,4,15,1,0,3,1,0,1,3,4,0,0,0,1,1,1,4,46,17,1,2,2,1,1,3,3,1,1,4,1,1,1,0,0
SLB1,Solomon Islands M1,7,3,0,0,0,0,0,0,0,0,0,2,6,0,2,0,0,0, , , , , , , , ,0,2,6,0,0,0,1,0,0,0,1,0,0,3,1, , ,1,0
SLB2,Solomon Islands M2,7,3,0,0,0,0,0,0,0,0,0,2,6,0,2,0,0,0, , , , , , , , ,0,2,6,0,0,0,1,0,0,0,1,0,0,3,1, , ,1,0
SLB3,Solomon Islands M3,7,3,0,0,0,0,0,0,0,0,0,2,6,0,2,0,0,0, , , , , , , , ,0,2,6,0,0,0,1,0,0,0,1,0,0,3,1, , ,1,0
ZAF1,South Africa M1,4,3,0,0,0,0,0,0,0,0,0,3,11,1,1,2,0,1,1,3,4,0,0,0,1,1,1,3,7,0,0,0,1,1,0,0,2,0,1,3,1,1,1,1,1
ZAF2,South Africa M2,4,3,0,0,0,0,0,0,0,0,0,3,11,1,1,2,0,1,1,3,4,0,0,0,1,1,1,3,7,0,0,0,1,1,0,0,2,0,1,3,1,1,1,1,1
ZAF3,South Africa M3,4,3,0,0,0,0,0,0,0,0,0,3,11,1,1,2,0,1,1,3,4,0,0,0,1,1,1,3,7,0,0,0,1,1,0,0,2,0,1,3,1,1,1,1,1
ESP1,Spain M1,2,0,1,1,2,1,1,1,1,1,0,4,15,1,0,3,1,0,1,3,4,0,0,0,1,1,1,4,46,17,1,2,2,1,1,3,3,1,1,4,1,1,1,0,0
ESP2,Spain M2,2,0,1,1,2,1,1,1,1,1,0,4,15,1,0,3,1,0,1,3,4,0,0,0,1,1,1,4,46,17,1,2,2,1,1,3,3,1,1,4,1,1,1,0,0
ESP3,Spain M3,2,0,1,1,2,1,1,1,1,1,0,4,15,1,0,3,1,0,1,3,4,0,0,0,1,1,1,4,46,17,1,2,2,1,1,3,3,1,1,4,1,1,1,0,0
LKA1,Sri Lanka M1,1,3,0,0,0,0,0,0,0,0,0,3,11,1,1,2,0,1,0,2,2,1,0,1,0,0,0,2,6,0,0,0,1,0,0,0,1,0,0,3,1,0,1,1,0
LKA2,Sri Lanka M2,1,3,0,0,0,0,0,0,0,0,0,3,11,1,1,2,0,1,0,2,2,1,0,1,0,0,0,2,6,0,0,0,1,0,0,0,1,0,0,3,1,0,1,1,0
LKA3,Sri Lanka M3,1,3,0,0,0,0,0,0,0,0,0,3,11,1,1,2,0,1,0,2,2,1,0,1,0,0,0,2,6,0,0,0,1,0,0,0,1,0,0,3,1,0,1,1,0
KNA1,St. Kitts and Nevis M1,8,3,0,0,0,0,0,0,0,0,0,3,10,0,1,1,0,0, , , , , , , , ,1,4,3,3,1,1,0,0,0,2,1,1,0,0, , , ,1,0
KNA2,St. Kitts and Nevis M2,8,3,0,0,0,0,0,0,0,0,0,3,10,0,1,1,0,0, , , , , , , , ,1,4,3,3,1,1,0,0,0,2,1,1,0,0, , , ,1,0
KNA3,St. Kitts and Nevis M3,8,3,0,0,0,0,0,0,0,0,0,3,10,0,1,1,0,0, , , , , , , , ,1,4,3,3,1,1,0,0,0,2,1,1,0,0, , , ,1,0
LCA1,St. Lucia M1,8,3,0,0,0,0,0,0,0,0,0,3,9,0,1,1,0,0, , , , , , , , ,1,3,3,3,1,1,0,0,0,2,1,1,0,0, , , ,1,0
LCA2,St. Lucia M2,8,3,0,0,0,0,0,0,0,0,0,3,9,0,1,1,0,0, , , , , , , , ,1,3,3,3,1,1,0,0,0,2,1,1,0,0, , , ,1,0
LCA3,St. Lucia M3,8,3,0,0,0,0,0,0,0,0,0,3,9,0,1,1,0,0, , , , , , , , ,1,3,3,3,1,1,0,0,0,2,1,1,0,0, , , ,1,0
VCT1,St. Vincent and the Grenadines M1,8,3,0,0,0,0,0,0,0,0,0,3,10,0,1,1,0,0, , , , , , , , ,1,3,3,3,1,1,0,0,0,2,1,1,0,0, , , ,1,0
VCT2,St. Vincent and the Grenadines M2,8,3,0,0,0,0,0,0,0,0,0,3,10,0,1,1,0,0, , , , , , , , ,1,3,3,3,1,1,0,0,0,2,1,1,0,0, , , ,1,0
VCT3,St. Vincent and the Grenadines M3,8,3,0,0,0,0,0,0,0,0,0,3,10,0,1,1,0,0, , , , , , , , ,1,3,3,3,1,1,0,0,0,2,1,1,0,0, , , ,1,0
SUR1,Suriname M1,8,3,0,0,0,0,0,0,0,0,0,3,9,0,2,1,0,0, , , , , , , , ,1,3,3,3,1,1,0,0,0,2,1,1,0,3,1, , ,1,0
SUR2,Suriname M2,8,3,0,0,0,0,0,0,0,0,0,3,9,0,2,1,0,0, , , , , , , , ,1,3,3,3,1,1,0,0,0,2,1,1,0,3,1, , ,1,0
SUR3,Suriname M3,8,3,0,0,0,0,0,0,0,0,0,3,9,0,2,1,0,0, , , , , , , , ,1,3,3,3,1,1,0,0,0,2,1,1,0,3,1, , ,1,0
SWE1,Sweden M1,2,0,1,1,2,1,1,1,1,1,0,4,16,1,0,3,1,0,1,3,4,0,0,0,1,1,1,4,46,17,1,2,2,1,1,3,3,1,1,4,1,1,1,0,0
SWE2,Sweden M2,2,0,1,1,2,1,1,1,1,1,0,4,16,1,0,3,1,0,1,3,4,0,0,0,1,1,1,4,46,17,1,2,2,1,1,3,3,1,1,4,1,1,1,0,0
SWE3,Sweden M3,2,0,1,1,2,1,1,1,1,1,0,4,16,1,0,3,1,0,1,3,4,0,0,0,1,1,1,4,46,17,1,2,2,1,1,3,3,1,1,4,1,1,1,0,0
SWI1,Switzerland M1,2,0,1,1,2,1,1,1,1,1,0,4,15,1,0,3,1,0,1,3,4,0,0,0,1,1,1,4,32,4,1,2,2,1,0,2,3,1,1,4,1,1,1,1,0
SWI2,Switzerland M2,2,0,1,1,2,1,1,1,1,1,0,4,15,1,0,3,1,0,1,3,4,0,0,0,1,1,1,4,32,4,1,2,2,1,0,2,3,1,1,4,1,1,1,1,0
SWI3,Switzerland M3,2,0,1,1,2,1,1,1,1,1,0,4,15,1,0,3,1,0,1,3,4,0,0,0,1,1,1,4,32,4,1,2,2,1,0,2,3,1,1,4,1,1,1,1,0
TWN1,"Taiwan, China M1",7,0,1,1,2,1,1,1,1,1,0, , , , , , , , , , , , , , , ,1,4,6,3,1,1,1,0,0,2,1,1,0,4,1, , ,1,0
TWN2,"Taiwan, China M2",7,0,1,1,2,1,1,1,1,1,0, , , , , , , , , , , , , , , ,1,4,6,3,1,1,1,0,0,2,1,1,0,4,1, , ,1,0
TWN3,"Taiwan, China M3",7,0,1,1,2,1,1,1,1,1,0, , , , , , , , , , , , , , , ,1,4,6,3,1,1,1,0,0,2,1,1,0,4,1, , ,1,0
TJK1,Tajikistan M1,2,3,0,0,0,0,0,0,0,0,0,2,8,0,2,1,0,0,0,1,2,1,0,1,0,0,0,2,2,0,0,0,0,0,0,0,0,0,0,2,0,0,1,1,0
TJK2,Tajikistan M2,2,3,0,0,0,0,0,0,0,0,0,2,8,0,2,1,0,0,0,1,2,1,0,1,0,0,0,2,2,0,0,0,0,0,0,0,0,0,0,2,0,0,1,1,0
TJK3,Tajikistan M3,2,3,0,0,0,0,0,0,0,0,0,2,8,0,2,1,0,0,0,1,2,1,0,1,0,0,0,2,2,0,0,0,0,0,0,0,0,0,0,2,0,0,1,1,0
TZA1,Tanzania M1,4,3,0,0,0,0,0,0,0,0,0,2,7,0,2,0,0,0,0,1,1,0,0,1,0,0,0,2,4,0,0,0,1,0,0,0,1,0,0,2,0,0,1,1,0
TZA2,Tanzania M2,4,3,0,0,0,0,0,0,0,0,0,2,7,0,2,0,0,0,0,1,1,0,0,1,0,0,0,2,4,0,0,0,1,0,0,0,1,0,0,2,0,0,1,1,0
TZA3,Tanzania M3,4,3,0,0,0,0,0,0,0,0,0,2,7,0,2,0,0,0,0,1,1,0,0,1,0,0,0,2,4,0,0,0,1,0,0,0,1,0,0,2,0,0,1,1,0
THA1,Thailand M1,7,0,1,1,2,1,1,1,1,0,0,4,13,1,1,2,0,1,1,2,3,0,1,0,1,0,1,3,14,5,1,2,2,1,1,2,2,1,1,1,0,1,1,1,0
THA2,Thailand M2,7,0,1,1,2,1,1,1,1,0,0,4,13,1,1,2,0,1,1,2,3,0,1,0,1,0,1,3,14,5,1,2,2,1,1,2,2,1,1,1,0,1,1,1,0
THA3,Thailand M3,7,0,1,1,2,1,1,1,1,0,0,4,13,1,1,2,0,1,1,2,3,0,1,0,1,0,1,3,14,5,1,2,2,1,1,2,2,1,1,1,0,1,1,1,0
TGO1,Togo M1,4,3,0,0,0,0,0,0,0,0,0,2,7,0,2,0,0,0,0,1,1,0,0,1,0,0,0,1,2,0,0,0,0,0,0,0,0,0,0,3,1,0,1,1,0
TGO2,Togo M2,4,3,0,0,0,0,0,0,0,0,0,2,7,0,2,0,0,0,0,1,1,0,0,1,0,0,0,1,2,0,0,0,0,0,0,0,0,0,0,3,1,0,1,1,0
TGO3,Togo M3,4,3,0,0,0,0,0,0,0,0,0,2,7,0,2,0,0,0,0,1,1,0,0,1,0,0,0,1,2,0,0,0,0,0,0,0,0,0,0,3,1,0,1,1,0
TON1,Tonga M1,7,3,0,0,0,0,0,0,0,0,0,3,10,0,1,1,0,0, , , , , , , , ,1,3,3,0,0,0,0,0,0,0,1,0,0,0, , , ,1,0
TON2,Tonga M2,7,3,0,0,0,0,0,0,0,0,0,3,10,0,1,1,0,0, , , , , , , , ,1,3,3,0,0,0,0,0,0,0,1,0,0,0, , , ,1,0
TON3,Tonga M3,7,3,0,0,0,0,0,0,0,0,0,3,10,0,1,1,0,0, , , , , , , , ,1,3,3,0,0,0,0,0,0,0,1,0,0,0, , , ,1,0
TTO1,Trinidad and Tobago M1,8,3,0,0,0,0,0,0,0,0,0,3,11,1,1,2,0,1,0,2,2,1,0,1,0,0,1,4,4,3,1,1,1,0,0,2,1,1,0,3,1,1,1,1,0
TTO2,Trinidad and Tobago M2,8,3,0,0,0,0,0,0,0,0,0,3,11,1,1,2,0,1,0,2,2,1,0,1,0,0,1,4,4,3,1,1,1,0,0,2,1,1,0,3,1,1,1,1,0
TTO3,Trinidad and Tobago M3,8,3,0,0,0,0,0,0,0,0,0,3,11,1,1,2,0,1,0,2,2,1,0,1,0,0,1,4,4,3,1,1,1,0,0,2,1,1,0,3,1,1,1,1,0
TUN1,Tunisia M1,3,3,0,0,0,0,0,0,0,0,0,3,11,0,1,1,0,0,0,2,2,1,0,1,0,0,0,2,8,0,0,0,1,1,0,0,2,0,1,3,1,0,1,1,0
TUN2,Tunisia M2,3,3,0,0,0,0,0,0,0,0,0,3,11,0,1,1,0,0,0,2,2,1,0,1,0,0,0,2,8,0,0,0,1,1,0,0,2,0,1,3,1,0,1,1,0
TUN3,Tunisia M3,3,3,0,0,0,0,0,0,0,0,0,3,11,0,1,1,0,0,0,2,2,1,0,1,0,0,0,2,8,0,0,0,1,1,0,0,2,0,1,3,1,0,1,1,0
TUR1,Turkey M1,2,0,1,1,2,1,1,1,1,1,0,4,13,1,1,2,0,1,1,3,3,0,1,0,1,0,1,3,24,3,1,1,2,1,0,2,3,1,1,2,0,1,1,1,0
TUR2,Turkey M2,2,0,1,1,2,1,1,1,1,1,0,4,13,1,1,2,0,1,1,3,3,0,1,0,1,0,1,3,24,3,1,1,2,1,0,2,3,1,1,2,0,1,1,1,0
TUR3,Turkey M3,2,0,1,1,2,1,1,1,1,1,0,4,13,1,1,2,0,1,1,3,3,0,1,0,1,0,1,3,24,3,1,1,2,1,0,2,3,1,1,2,0,1,1,1,0
UGA1,Uganda M1,4,3,0,0,0,0,0,0,0,0,0,2,8,0,2,0,0,0,0,1,1,0,0,1,0,0,0,1,2,0,0,0,0,0,0,0,0,0,0,2,0,0,1,1,0
UGA2,Uganda M2,4,3,0,0,0,0,0,0,0,0,0,2,8,0,2,0,0,0,0,1,1,0,0,1,0,0,0,1,2,0,0,0,0,0,0,0,0,0,0,2,0,0,1,1,0
UGA3,Uganda M3,4,3,0,0,0,0,0,0,0,0,0,2,8,0,2,0,0,0,0,1,1,0,0,1,0,0,0,1,2,0,0,0,0,0,0,0,0,0,0,2,0,0,1,1,0
UKR1,Ukraine M1,2,0,1,1,2,1,1,1,1,1,0,3,12,1,1,2,0,1,1,3,3,0,1,0,1,0,0,2,20,3,1,1,2,1,0,2,3,1,1,2,0,1,1,1,0
UKR2,Ukraine M2,2,0,1,1,2,1,1,1,1,1,0,3,12,1,1,2,0,1,1,3,3,0,1,0,1,0,0,2,20,3,1,1,2,1,0,2,3,1,1,2,0,1,1,1,0
UKR3,Ukraine M3,2,0,1,1,2,1,1,1,1,1,0,3,12,1,1,2,0,1,1,3,3,0,1,0,1,0,0,2,20,3,1,1,2,1,0,2,3,1,1,2,0,1,1,1,0
ARE1,United Arab Emirates M1,3,1,0,1,1,0,1,1,2,1,0,4,15,1,0,3,1,0,1,2,3,0,1,0,1,0,1,4,4,2,1,1,1,0,0,1,1,0,0,0, ,1,1,1,0
ARE2,United Arab Emirates M2,3,1,1,1,1,0,1,1,2,1,0,4,15,1,0,3,1,0,1,2,3,0,1,0,1,0,1,4,4,2,1,1,1,0,0,1,1,0,0,0, ,1,1,1,0
ARE3,United Arab Emirates M3,3,1,1,1,1,0,1,1,2,1,0,4,15,1,0,3,1,0,1,2,3,0,1,0,1,0,1,4,4,2,1,1,1,0,0,1,1,0,0,0, ,1,1,1,0
GBR1,United Kingdom M1,2,0,1,1,2,1,1,1,1,1,0,4,16,1,0,3,1,0,1,3,4,0,0,0,1,1,1,4,38,15,1,2,2,1,1,3,3,1,1,4,1,1,1,0,0
GBR2,United Kingdom M2,2,0,1,1,2,1,1,1,1,1,0,4,16,1,0,3,1,0,1,3,4,0,0,0,1,1,1,4,38,15,1,2,2,1,1,3,3,1,1,4,1,1,1,0,0
GBR3,United Kingdom M3,2,0,1,1,2,1,1,1,1,1,0,4,16,1,0,3,1,0,1,3,4,0,0,0,1,1,1,4,38,15,1,2,2,1,1,3,3,1,1,4,1,1,1,0,0
USA1,United States M1,6,0,1,1,2,1,1,1,1,1,0,4,16,1,0,3,1,0,1,3,4,0,0,0,1,1,1,4,14,12,1,2,2,1,1,3,2,1,1,4,1,1,1,0,0
USA2,United States M2,6,0,1,1,2,1,1,1,1,1,0,4,16,1,0,3,1,0,1,3,4,0,0,0,1,1,1,4,14,12,1,2,2,1,1,3,2,1,1,4,1,1,1,0,0
USA3,United States M3,6,0,1,1,2,1,1,1,1,1,0,4,16,1,0,3,1,0,1,3,4,0,0,0,1,1,1,4,14,12,1,2,2,1,1,3,2,1,1,4,1,1,1,0,0
URY1,Uruguay M1,5,0,1,1,2,1,1,1,1,1,0,4,15,1,0,3,1,0,1,2,3,0,1,0,1,0,1,4,8,0,0,0,1,1,0,0,2,0,1,4,1,1,1,1,0
URY2,Uruguay M2,5,0,1,1,2,1,1,1,1,1,0,4,15,1,0,3,1,0,1,2,3,0,1,0,1,0,1,4,8,0,0,0,1,1,0,0,2,0,1,4,1,1,1,1,0
URY3,Uruguay M3,5,0,1,1,2,1,1,1,1,1,0,4,15,1,0,3,1,0,1,2,3,0,1,0,1,0,1,4,8,0,0,0,1,1,0,0,2,0,1,4,1,1,1,1,0
VUT1,Vanuatu M1,7,3,0,0,0,0,0,0,0,0,0,2,7,0,2,0,0,0, , , , , , , , ,0,2,3,0,0,0,0,0,0,0,1,0,0,3,1, , ,1,0
VUT2,Vanuatu M2,7,3,0,0,0,0,0,0,0,0,0,2,7,0,2,0,0,0, , , , , , , , ,0,2,3,0,0,0,0,0,0,0,1,0,0,3,1, , ,1,0
VUT3,Vanuatu M3,7,3,0,0,0,0,0,0,0,0,0,2,7,0,2,0,0,0, , , , , , , , ,0,2,3,0,0,0,0,0,0,0,1,0,0,3,1, , ,1,0
VEN1,"Venezuela, RB M1",5,3,0,0,0,0,0,0,0,0,0,3,9,0,2,1,0,0,0,2,2,1,0,1,0,0, , ,3,0,0,0,0,0,0,0,1,0,0,2,0,0,1,1,0
VEN2,"Venezuela, RB M2",5,3,0,0,0,0,0,0,0,0,0,3,9,0,2,1,0,0,0,2,2,1,0,1,0,0, , ,3,0,0,0,0,0,0,0,1,0,0,2,0,0,1,1,0
VEN3,"Venezuela, RB M3",5,3,0,0,0,0,0,0,0,0,0,3,9,0,2,1,0,0,0,2,2,1,0,1,0,0, , ,3,0,0,0,0,0,0,0,1,0,0,2,0,0,1,1,0
VNM1,Vietnam M1,7,3,0,0,0,0,0,0,0,0,0,3,11,0,1,1,0,0,1,2,3,0,1,0,1,0,0,2,15,6,1,2,2,1,1,2,2,1,1,1,0,1,1,1,0
VNM2,Vietnam M2,7,3,0,0,0,0,0,0,0,0,0,3,11,0,1,1,0,0,1,2,3,0,1,0,1,0,0,2,15,6,1,2,2,1,1,2,2,1,1,1,0,1,1,1,0
VNM3,Vietnam M3,7,3,0,0,0,0,0,0,0,0,0,3,11,0,1,1,0,0,1,2,3,0,1,0,1,0,0,2,15,6,1,2,2,1,1,2,2,1,1,1,0,1,1,1,0
YEM1,"Yemen, Rep. M1",3,3,0,0,0,0,0,0,0,0,0,2,5,0,2,0,0,0,0,1,1,0,0,1,0,0,0,1,1,0,0,0,0,0,0,0,0,0,0,1,0,0,1,1,0
YEM2,"Yemen, Rep. M2",3,3,0,0,0,0,0,0,0,0,0,2,5,0,2,0,0,0,0,1,1,0,0,1,0,0,0,1,1,0,0,0,0,0,0,0,0,0,0,1,0,0,1,1,0
YEM3,"Yemen, Rep. M3",3,3,0,0,0,0,0,0,0,0,0,2,5,0,2,0,0,0,0,1,1,0,0,1,0,0,0,1,1,0,0,0,0,0,0,0,0,0,0,1,0,0,1,1,0
ZMB1,Zambia M1,4,3,0,0,0,0,0,0,0,0,0,2,7,0,2,0,0,0,0,1,1,0,0,1,0,0,0,2,2,0,0,0,0,0,0,0,0,0,0,2,0,0,1,1,0
ZMB2,Zambia M2,4,3,0,0,0,0,0,0,0,0,0,2,7,0,2,0,0,0,0,1,1,0,0,1,0,0,0,2,2,0,0,0,0,0,0,0,0,0,0,2,0,0,1,1,0
ZMB3,Zambia M3,4,3,0,0,0,0,0,0,0,0,0,2,7,0,2,0,0,0,0,1,1,0,0,1,0,0,0,2,2,0,0,0,0,0,0,0,0,0,0,2,0,0,1,1,0
ZWE1,Zimbabwe M1,4,3,0,0,0,0,0,0,0,0,0,3,9,0,2,1,0,0,0,1,2,1,0,1,0,0,0,2,6,1,1,1,1,0,0,1,1,0,0,2,0,0,1,1,0
ZWE2,Zimbabwe M2,4,3,0,0,0,0,0,0,0,0,0,3,9,0,2,1,0,0,0,1,2,1,0,1,0,0,0,2,6,1,1,1,1,0,0,1,1,0,0,2,0,0,1,1,0
ZWE3,Zimbabwe M3,4,3,0,0,0,0,0,0,0,0,0,3,9,0,2,1,0,0,0,1,2,1,0,1,0,0,0,2,6,1,1,1,1,0,0,1,1,0,0,2,0,0,1,1,0
